,red,green,blue
0,"[array([11494. ,     0. , 10751. , 10818. ,     0. , 11918. ,  8974.5,
           0. , 13792. ,     0. , 41049.5,  9433. ,  8829. ,     0. ,
       10191. , 14165. , 24636. , 30244. , 37599. , 10834. , 35023. ,
           0. ,     0. ])]","[array([11056.0, 0.0, 10682.0, 10784.0, 0.0, 12513.5, 10105.0, 0.0,
       14350.0, 0.0, 41535.0, 10099.0, 9673.0, 0.0, None, 14682.0,
       25223.0, 30847.0, 38298.0, 10301.0, 35628.0, 0.0, 0.0],
      dtype=object)]","[array([ 9785. ,     0. ,  9383. ,  9438. ,     0. , 10271. ,  8881. ,
           0. , 11971. ,     0. , 43013. ,  8892. ,  8486. ,     0. ,
        9141. , 13396.5, 24928.5, 31907. , 40030. ,  9276. , 37148. ,
           0. ,     0. ])]"
1,"[array([10858. , 11658. , 10138. , 12761. ,  8934. , 13983. , 38859. ,
        9621. ,  8667.5, 10774. , 18482.5, 34875. , 32797. , 10738.5,
       36783. ])]","[array([10601.0, 11607.5, 10284.0, 13260.0, 9999.0, 14478.0, 39491.0,
       10280.0, 9492.0, None, 19040.5, 35464.0, 33543.0, 10283.0, 37468.0],
      dtype=object)]","[array([ 9441. ,  9994. ,  8991. , 11280. ,  8764. , 12097. , 41115.5,
        8950. ,  8401. ,  9410. , 16775.5, 36970. , 35165. ,  9233. ,
       39136. ])]"
2,"[array([11009. , 11284. , 10041.5, 12595. ,  8962. , 13981. , 38841.5,
        9550. ,  8629. , 10509. ,     0. , 18189. , 35150. , 34344. ,
       10756. , 36319. ])]","[array([10718.0, 11127.0, 10218.0, 13020.0, 10056.0, 14467.5, 39493.0,
       10209.0, 9449.0, None, 0.0, 18752.5, 35745.0, 35080.5, 10263.0,
       36979.0], dtype=object)]","[array([ 9554. ,  9762. ,  8889.5, 11025. ,  8811. , 12139.5, 41020. ,
        8932. ,  8422. ,  9271. ,     0. , 16572. , 37272. , 36724. ,
        9245. , 38579. ])]"
3,"[array([10975., 11185., 10253., 12887.,  8939., 13559., 38493.,  9547.,
        8570., 10676.,     0., 19953., 33059., 34647., 10783., 36041.])]","[array([10674.0, 11036.0, 10339.0, 13356.0, 10064.0, 14064.0, 39131.0,
       10211.0, 9383.0, None, 0.0, 20543.0, 33623.0, 35400.0, 10274.0,
       36744.0], dtype=object)]","[array([ 9510.,  9669.,  9032., 11465.,  8811., 11689., 40616.,  8929.,
        8401.,  9384.,     0., 18845., 34983., 37060.,  9258., 38376.])]"
4,"[array([11063. , 11095. , 10478.5, 13160. ,  8968. , 13316.5, 38255. ,
        9541. ,  8541. , 10824. ,     0. , 21658.5, 31763. , 35042.5,
       10802. , 35908. ])]","[array([10741.0, 10956.0, 10486.0, 13659.0, 10109.0, 13835.0, 38887.5,
       10205.0, 9358.0, None, 0.0, 22204.5, 32353.5, 35795.0, 10299.0,
       36604.0], dtype=object)]","[array([ 9570. ,  9592.5,  9200. , 11816. ,  8851. , 11476. , 40373.5,
        8927. ,  8406. ,  9490. ,     0. , 21068. , 33604.5, 37470.5,
        9264. , 38238. ])]"
5,"[array([11085. , 11110. , 10964. , 14068.5,  8980. , 13186. , 37537. ,
        9568. ,  8505. , 11090. ,     0. , 22676.5, 30824. , 34673.5,
       10815. , 35926. ])]","[array([10772.0, 10991.0, 10888.0, 14578.5, 10129.0, 13712.0, 38137.0,
       10246.5, 9329.0, None, 0.0, 23272.5, 31429.0, 35442.0, 10327.0,
       36633.0], dtype=object)]","[array([ 9580. ,  9593. ,  9527. , 13013. ,  8866. , 11361.5, 39654. ,
        8939. ,  8398. ,  9658. ,     0. , 22321.5, 32554. , 37107. ,
        9279. , 38269. ])]"
6,"[array([11084., 10919., 10026., 12640.,  8989., 13817., 38888.,  9497.,
        8634., 10303.,     0., 20310., 33956., 35562., 10748., 35883.])]","[array([10765.0, 10781.0, 10206.0, 13048.0, 10105.0, 14320.0, 39543.0,
       10151.0, 9457.0, None, 0.0, 20891.0, 34560.0, 36309.0, 10234.0,
       36550.0], dtype=object)]","[array([ 9571.,  9529.,  8841., 11088.,  8873., 11963., 41005.,  8909.,
        8426.,  9178.,     0., 19302., 35991., 38010.,  9229., 38131.])]"
7,"[array([11494.,     0., 10774., 10582., 12025.,  8972.,     0., 13821.,
           0., 39886.,  9438.,  8800.,     0., 10114.,     0., 23819.,
       30788., 37164., 10855., 35177.,     0.,     0.])]","[array([11052.0, 0.0, 10701.0, 10630.0, 12621.0, 10109.0, 0.0, 14368.0,
       0.0, 40480.0, 10096.0, 9651.0, 0.0, None, 0.0, 24429.0, 31404.0,
       37862.0, 10304.0, 35778.0, 0.0, 0.0], dtype=object)]","[array([ 9800.,     0.,  9413.,  9227., 10382.,  8891.,     0., 11996.,
           0., 41959.,  8888.,  8459.,     0.,  9088.,     0., 23946.,
       32495., 39598.,  9288., 37298.,     0.,     0.])]"
8,"[array([11786. ,     0. , 10881. , 10270.5,     0. , 11201. ,     0. ,
        9609. ,     0. ,     0. , 14342. ,     0. , 39022. ,     0. ,
        9398. ,  8653. ,     0. , 10096.5, 15367. , 25142.5, 31915.5,
       37427. , 10749. , 35115. ,     0. ,     0. ,     0. ])]","[array([11299.0, 0.0, 10754.0, 10472.0, 0.0, 12015.0, 0.0, 10512.5, 0.0,
       0.0, 14853.0, 0.0, 39643.5, 0.0, 10060.0, 9490.0, 0.0, None,
       16030.5, 25670.5, 32499.5, 38130.0, 10225.0, 35705.0, 0.0, 0.0,
       0.0], dtype=object)]","[array([ 9942.5,     0. ,  9506. ,  8978. ,     0. ,  9810. ,     0. ,
        9134. ,     0. ,     0. , 12641.5,     0. , 41062. ,     0. ,
        8874. ,  8435. ,     0. ,  9074.5, 15023.5, 25382.5, 33745. ,
       39846. ,  9196. , 37223. ,     0. ,     0. ,     0. ])]"
9,"[array([10989. , 11312.5,  9772.5, 12107. ,  9040. , 14647. , 39908.5,
        9553. ,  8663. , 10296. ,     0. , 16465. , 37369.5, 33966. ,
       10758.5, 36729. ])]","[array([10694.0, 11140.0, 10119.0, 12728.0, 10060.0, 15057.0, 40547.0,
       10201.0, 9486.5, None, 0.0, 17068.0, 37952.0, 34704.0, 10302.0,
       37386.0], dtype=object)]","[array([ 9540. ,  9804. ,  8743. , 10520. ,  8788. , 13057. , 42116. ,
        8931. ,  8413. ,  9168. ,     0. , 14442.5, 39514.5, 36389. ,
        9244. , 39001.5])]"
10,"[array([11130. , 10972. ,  9853. , 11912.5,  9279. ,     0. , 14769.5,
       39323. ,  9495. ,  8676. ,  9994. ,     0. , 16330. , 37429. ,
       35003. , 10690. , 36315. ,     0. ,     0. ])]","[array([10823.0, 10813.0, 10161.0, 12494.0, 10201.0, 0.0, 15178.0, 39975.0,
       10140.0, 9502.0, None, 0.0, 16913.0, 38027.0, 35711.0, 10252.0,
       36953.0, 0.0, 0.0], dtype=object)]","[array([ 9622. ,  9634. ,  8788. , 10301. ,  8879. ,     0. , 13293. ,
       41471.5,  8909. ,  8424. ,  9026.5,     0. , 14372.5, 39573. ,
       37380. ,  9201. , 38501. ,     0. ,     0. ])]"
11,"[array([10952. , 11254. ,  9672. , 11994.5,  8951. , 15170. , 40574. ,
        9577. ,  8682. , 10329.5,     0. , 15198.5, 37785. , 33685. ,
       10672. , 36977. ])]","[array([10669.0, 11110.0, 10104.0, 12704.5, 9977.0, 15515.0, 41209.0,
       10211.0, 9507.0, None, 0.0, 15793.0, 38368.5, 34432.0, 10274.0,
       37648.0], dtype=object)]","[array([ 9525. ,  9775. ,  8713. , 10424. ,  8722. , 13756. , 42811.5,
        8939. ,  8401. ,  9194. ,     0. , 12861. , 39937. , 36114. ,
        9182. , 39285. ])]"
12,"[array([11130., 10826., 10010., 11511.,  9125.,     0., 15376., 39772.,
        9486.,  8626.,     0.,  9905.,     0., 13678., 37732., 35170.,
       10604., 36611.,     0.,     0.])]","[array([10820.0, 10708.0, 10306.0, 12263.0, 10099.0, 0.0, 15718.0, 40411.0,
       10121.0, 9438.0, 0.0, None, 0.0, 14375.0, 38326.0, 35872.0,
       10246.5, 37246.0, 0.0, 0.0], dtype=object)]","[array([ 9638. ,  9557. ,  8886.5, 10031.5,  8799. ,     0. , 14115. ,
       41929. ,  8910. ,  8397. ,     0. ,  8985. ,     0. , 11558. ,
       39862. , 37552. ,  9153. , 38801. ,     0. ,     0. ])]"
13,"[array([11378. ,     0. , 10763. , 10717.5,     0. , 11109. ,  9640. ,
           0. , 15183. ,     0. , 38520.5,  9456. ,  8542. ,     0. ,
        9845. , 13078. , 14172.5, 36551. , 35929. , 10806. , 36175. ,
           0. ,     0. ])]","[array([11034.0, 0.0, 10663.5, 10764.5, 0.0, 11996.0, 10423.0, 0.0,
       15562.5, 0.0, 39203.0, 10096.0, 9341.0, 0.0, None, 13663.0,
       14843.0, 37174.0, 36631.5, 10421.0, 36795.5, 0.0, 0.0],
      dtype=object)]","[array([ 9788. ,     0. ,  9509. ,  9388. ,     0. ,  9803. ,  8991. ,
           0. , 13886. ,     0. , 40557.5,  8908. ,  8378. ,     0. ,
        8962. , 11942. , 12106.5, 38625.5, 38304. ,  9251. , 38335. ,
           0. ,     0. ])]"
14,"[array([11220. ,     0. , 10625. , 10688. ,     0. , 11026. ,  9104.5,
           0. , 16866. ,     0. , 39735. ,  9476. ,  8546. ,     0. ,
        9898. , 12909.5, 11741. , 36015.5, 36167. , 10806. , 36597. ,
           0. ,     0. ])]","[array([10919.0, 0.0, 10576.0, 10854.0, 0.0, 11946.0, 10101.0, 0.0,
       17220.0, 0.0, 40410.0, 10105.0, 9327.0, 0.0, None, 13488.0,
       12475.5, 36638.0, 36852.0, 10441.0, 37224.0, 0.0, 0.0],
      dtype=object)]","[array([ 9715. ,     0. ,  9452. ,  9402. ,     0. ,  9799. ,  8797. ,
           0. , 15941. ,     0. , 41755.5,  8923. ,  8331. ,     0. ,
        8999. , 11743. , 10114. , 38017. , 38499. ,  9255.5, 38784. ,
           0. ,     0. ])]"
15,"[array([    0., 11586.,     0., 10759., 10750.,     0., 10747.,     0.,
        9406.,     0.,     0., 14873.,     0., 37496.,     0.,  9416.,
           0.,  8578.,     0.,  9952., 16054., 17393., 32645., 36237.,
       10708., 35526.,     0.,     0.,     0.])]","[array([0.0, 11257.0, 0.0, 10661.0, 10869.0, 0.0, 11713.0, 0.0, 10355.0,
       0.0, 0.0, 15318.0, 0.0, 38141.0, 0.0, 10058.0, 0.0, 9387.0, 0.0,
       None, 16878.0, 17971.0, 33263.0, 36919.0, 10329.0, 36124.0, 0.0,
       0.0, 0.0], dtype=object)]","[array([    0.,  9943.,     0.,  9507.,  9440.,     0.,  9639.,     0.,
        9020.,     0.,     0., 13444.,     0., 39253.,     0.,  8900.,
           0.,  8414.,     0.,  9017., 15689., 15682., 34497., 38494.,
        9200., 37633.,     0.,     0.,     0.])]"
16,"[array([    0., 11847.,     0., 10848., 10909.,     0., 10788.,     0.,
       10293.,     0.,     0., 14522.,     0., 38455.,     0.,  9395.,
           0.,  8692.,     0., 10181., 16813., 25250., 32832., 36234.,
       10751., 35155.,     0.,     0.,     0.])]","[array([0.0, 11440.0, 0.0, 10720.0, 11001.0, 0.0, 11743.0, 0.0, 11003.0,
       0.0, 0.0, 15010.0, 0.0, 39057.0, 0.0, 10057.0, 0.0, 9528.0, 0.0,
       None, 17560.0, 25676.5, 33429.0, 36919.0, 10344.0, 35740.0, 0.0,
       0.0, 0.0], dtype=object)]","[array([    0. , 10078. ,     0. ,  9526. ,  9491. ,     0. ,  9634. ,
           0. ,  9380. ,     0. ,     0. , 12921. ,     0. , 40256. ,
           0. ,  8888. ,     0. ,  8473. ,     0. ,  9130. , 16707. ,
       24961.5, 34782. , 38515. ,  9219.5, 37256. ,     0. ,     0. ,
           0. ])]"
17,"[array([11801.,     0., 10847., 10560.,     0., 11046.,     0., 10688.,
           0.,     0., 14528.,     0., 38719.,     0.,  9401.,  8647.,
           0.,  9977., 15806., 25170., 33467., 36535., 10642., 35174.,
           0.,     0.,     0.])]","[array([11361.0, 0.0, 10717.0, 10666.0, 0.0, 11928.0, 0.0, 11407.0, 0.0,
       0.0, 15023.0, 0.0, 39371.0, 0.0, 10062.0, 9469.0, 0.0, None,
       16469.0, 25632.0, 34050.0, 37234.0, 10207.0, 35764.0, 0.0, 0.0,
       0.0], dtype=object)]","[array([10005.,     0.,  9524.,  9218.,     0.,  9744.,     0.,  9571.,
           0.,     0., 12949.,     0., 40624.,     0.,  8882.,  8443.,
           0.,  9016., 15570., 25099., 35447., 38922.,  9154., 37283.,
           0.,     0.,     0.])]"
18,"[array([11517.,     0., 10815., 10646.,     0., 11191., 10266.,     0.,
           0., 14768.,     0., 38331.,  9441.,  8579.,     0.,  9827.,
       13777., 18431., 36039., 36043., 10737., 35771.,     0.,     0.,
           0.])]","[array([11135.0, 0.0, 10700.0, 10692.0, 0.0, 12026.0, 10943.0, 0.0, 0.0,
       15211.0, 0.0, 39019.0, 10095.0, 9387.0, 0.0, None, 14281.0,
       18975.0, 36652.0, 36743.0, 10330.0, 36381.0, 0.0, 0.0, 0.0],
      dtype=object)]","[array([ 9845.,     0.,  9533.,  9293.,     0.,  9829.,  9300.,     0.,
           0., 13315.,     0., 40365.,  8903.,  8408.,     0.,  8947.,
       12860., 16909., 38144., 38391.,  9222., 37904.,     0.,     0.,
           0.])]"
19,"[array([    0. , 11522. ,  9654. , 10706. , 10407. ,     0. , 10592. ,
           0. ,  8979. ,  8790. ,     0. , 17616.5, 11580. , 33855. ,
           0. ,  9458.5,     0. ,  8874. ,  9342. , 10841. , 17145.5,
       10640. , 25584. , 36117. , 10281.5, 35697. , 26949. , 12183. ,
           0. ])]","[array([0.0, 11214.0, 10315.5, 10622.0, 10577.0, 0.0, 11484.0, 0.0, 9990.0,
       10019.0, 0.0, 18007.0, 12445.0, 34614.0, 0.0, 10078.0, 0.0, 9684.0,
       10056.0, None, 18028.0, 11373.5, 26165.5, 36791.5, 9963.0, 36290.0,
       27282.0, 12128.0, 0.0], dtype=object)]","[array([    0. ,  9906. ,  8588.5,  9519. ,  9234. ,     0. ,  9583. ,
           0. ,  8767. ,  8812. ,     0. , 16866. , 10167.5, 35622.5,
           0. ,  8934. ,     0. ,  8471. ,  8796. ,  9642.5, 16821. ,
        9472. , 26718. , 38277. ,  9010. , 37825. , 28472. , 10105.5,
           0. ])]"
20,"[array([    0. , 11676. , 10813. , 10737. , 10408. ,  8940. , 10503. ,
       13867. ,  9589.5,  8908. , 11522. , 17957.5, 12847.5, 18149. ,
        8497. ,  9439. ,     0. ,  8970. ,  9560. , 11592. , 18228. ,
       10371. , 25898. , 35565. , 10291.5, 35235. , 27448. , 12519.5,
        9601.5])]","[array([0.0, 11347.0, 11033.0, 10650.0, 10603.0, 9643.0, 11396.0, 14697.5,
       10330.0, 10166.5, 12355.5, 18368.0, 13708.0, 19211.0, 9320.0,
       10052.0, 0.0, 9800.5, 10289.0, None, 19098.5, 11103.0, 26475.0,
       36236.0, 9902.0, 35822.0, 27802.0, 12439.0, 10780.0], dtype=object)]","[array([    0. , 10015.5,  9528. ,  9540. ,  9258. ,  8411. ,  9524. ,
       13628. ,  9026. ,  8997. , 10265. , 17282. , 11321.5, 17736. ,
        8374. ,  8923. ,     0. ,  8490. ,  8937. , 10206.5, 18109. ,
        9320. , 27074. , 37717. ,  8979. , 37343. , 29057. , 10491. ,
        8770.5])]"
21,"[array([    0. , 12128. , 10756. , 10753.5, 10310. ,  9129. , 10520. ,
       17180. , 12518. ,  8951. , 12413. , 18952. , 13762. , 11747. ,
        8562. ,  9469. ,     0. ,  9380.5,  9755. , 11773. , 15269. ,
        9992. , 24145.5, 35398.5, 10346. , 35790. , 27518. , 12464. ,
       10114. ])]","[array([0.0, 11835.0, 10943.0, 10650.0, 10503.0, 9717.0, 11402.0, 17987.5,
       13258.0, 10216.0, 13304.0, 19389.5, 14571.0, 12843.0, 9377.0,
       10089.0, 0.0, 10106.0, 10500.0, None, 16083.0, 10710.0, 24720.0,
       36048.0, 9959.0, 36389.0, 27876.0, 12529.0, 11206.0], dtype=object)]","[array([    0. , 10295.5,  9503. ,  9537. ,  9184.5,  8486. ,  9535. ,
       17625. , 11867.5,  9027. , 10959. , 18572. , 12276. , 10658.5,
        8421. ,  8947. ,     0. ,  8680. ,  9085. , 10354.5, 14453. ,
        9077.5, 25035. , 37458. ,  9018. , 37959.5, 29146. , 10510.5,
        9027. ])]"
22,"[array([23623. , 12411.5, 10968. , 10676. ,  9985. ,  9453. , 10504. ,
       21533.5, 20353.5,  9029. , 13388. , 19777. , 15346.5,  8981. ,
        8670. ,  9451. ,  8682. ,  9474. ,  9780. , 11727. , 14507.5,
        9888. , 25019.5, 32840. , 10568. , 35223. , 27596. , 12437. ,
       19143.5])]","[array([23794.0, 12127.0, 11064.0, 10595.0, 10291.0, 9905.0, 11417.0,
       22284.0, 21029.5, 10279.0, 14294.5, 20255.0, 16125.0, 10270.0,
       9493.0, 10072.0, 9518.0, 10188.0, 10544.0, None, 15282.0, 10603.0,
       25533.0, 33447.0, 10170.0, 35814.0, 27963.0, 12458.0, 19718.0],
      dtype=object)]","[array([24499.5, 10521. ,  9645. ,  9497. ,  8969. ,  8638. ,  9539. ,
       22639. , 20998.5,  9087. , 11940. , 19575. , 14331.5,  8620. ,
        8535. ,  8934. ,  8434. ,  8770. ,  9095. , 10320. , 13589. ,
        9017. , 26025. , 34637. ,  9139. , 37361. , 29251. , 10547. ,
       18866. ])]"
23,"[array([23863. , 11459. , 11373. , 10894.5, 10638. ,  9510. , 10476. ,
       16323. ,  9068. ,  8991. , 11738. , 15320. , 12125. ,  8770. ,
        8683. ,  9314. ,  8843. ,  8742. ,  9331. , 15080.5, 23597. ,
       13843.5, 27601.5, 33168. , 10847. , 33229. , 27982. , 13249.5,
       14551.5])]","[array([24030.0, 11119.0, 11342.0, 10799.0, 10917.0, 10005.0, 11373.0,
       17221.0, 10124.0, 10295.0, 12624.0, 15750.0, 13190.5, 10048.0,
       9509.0, 9928.0, 9714.0, 9568.0, 10114.0, None, 24516.5, 14452.0,
       28178.0, 33796.5, 10357.0, 33787.0, 28362.0, 13135.0, 15209.0],
      dtype=object)]","[array([24770. ,  9905. ,  9924. ,  9663. ,  9439. ,  8648. ,  9535. ,
       16462.5,  8939. ,  9110. , 10579. , 13927. , 10855. ,  8527. ,
        8537. ,  8847. ,  8613. ,  8464. ,  8793.5, 13442. , 24364. ,
       11814.5, 28984. , 35098. ,  9237. , 35277. , 29720. , 11377. ,
       13224.5])]"
24,"[array([    0. , 11696. ,  9104. , 10894. , 11058. ,     0. , 10571. ,
           0. ,  9123. ,  8871. ,     0. , 14447. , 11062. , 33850.5,
           0. ,  9370. ,     0. ,  8642. ,  9126. , 10829.5, 18871.5,
       22619.5, 29621. , 35873. , 10751. , 34885. , 26829. , 12790.5,
           0. ])]","[array([0.0, 11335.5, 9695.5, 10766.0, 11217.5, 0.0, 11522.0, 0.0, 10192.0,
       10152.0, 0.0, 14966.0, 12255.5, 34557.0, 0.0, 10014.0, 0.0, 9475.0,
       9861.0, None, 19752.0, 23069.5, 30190.0, 36570.0, 10348.0, 35459.0,
       27153.0, 12594.0, 0.0], dtype=object)]","[array([    0. ,  9996. ,  7773. ,  9578. ,  9648. ,     0. ,  9537. ,
           0. ,  8919. ,  8891. ,     0. , 12755. ,  9934. , 35577.5,
           0. ,  8878. ,     0. ,  8451. ,  8660. ,  9613. , 19070. ,
       21872.5, 31274. , 38110. ,  9188. , 36970. , 28348. , 10754. ,
           0. ])]"
25,"[array([    0. , 11917. , 10234. , 10966. , 11073. ,  8411. , 10488. ,
           0. ,  9331. ,  9065. ,     0. , 14188. , 11742.5, 36254.5,
           0. ,  9318. ,     0. ,  8677. ,  9252. , 10985.5, 20672.5,
       31198. , 30420. , 36100. , 10942. , 34459. , 27440. , 13724. ,
           0. ])]","[array([0.0, 11477.0, 10619.0, 10807.0, 11186.5, 8902.0, 11446.0, 0.0,
       10348.0, 10417.0, 0.0, 14734.0, 12896.0, 36805.0, 0.0, 9971.0, 0.0,
       9524.0, 10053.0, None, 21608.0, 31516.0, 31000.0, 36799.0, 10485.0,
       35019.0, 27775.0, 13414.0, 0.0], dtype=object)]","[array([    0. , 10075. ,  9021. ,  9555. ,  9593. ,  7754.5,  9470. ,
           0. ,  9022. ,  9045. ,     0. , 12431. , 10438.5, 37706. ,
           0. ,  8844. ,     0. ,  8461. ,  8751. ,  9644. , 21277. ,
       32112. , 32095. , 38353.5,  9212.5, 36503.5, 29089.5, 11934. ,
           0. ])]"
26,"[array([    0., 11944.,  8942., 11067., 11348.,     0., 10564.,     0.,
        9630.,  9203.,     0., 14158., 11692., 42828.,     0.,  9299.,
           0.,  8800.,  9318., 11628., 19908., 33112., 30158., 37864.,
       11255., 34662., 28238., 13449.,     0.])]","[array([0.0, 11508.0, 9520.0, 10902.0, 11352.0, 0.0, 11551.0, 0.0, 10592.0,
       10536.0, 0.0, 14730.0, 12831.0, 42901.0, 0.0, 9978.0, 0.0, 9679.0,
       10143.0, None, 20760.0, 33353.0, 30736.0, 38516.0, 10696.0,
       35237.0, 28606.0, 13099.0, 0.0], dtype=object)]","[array([    0., 10104.,  7680.,  9572.,  9752.,     0.,  9514.,     0.,
        9172.,  9059.,     0., 12372., 10338., 44224.,     0.,  8833.,
           0.,  8541.,  8801., 10123., 20433., 34328., 31783., 40203.,
        9436., 36724., 29971., 11543.,     0.])]"
27,"[array([24054. , 11542. , 11504. , 10961. , 11951. ,  9509. , 10410. ,
       12737. ,  8902. ,  9020. , 10361. , 14214. , 12270. ,  9024. ,
        8662. ,  9274. ,  8954. ,  8712. ,  9265. , 15308.5, 23485.5,
       20203.5, 27735. , 33276. , 10813. , 33201. , 28451. , 13912. ,
       13288.5])]","[array([24228.0, 11168.0, 11420.0, 10833.0, 12211.0, 9994.0, 11305.0,
       13796.0, 9979.0, 10347.0, 11358.0, 14771.0, 13386.5, 10282.0,
       9503.0, 9898.0, 9851.0, 9553.0, 10073.0, None, 24379.0, 20707.0,
       28319.0, 33915.0, 10321.0, 33755.0, 28841.0, 13683.0, 14013.5],
      dtype=object)]","[array([24993. ,  9945. ,  9997. ,  9663. , 10350. ,  8636. ,  9491. ,
       11883.5,  8815. ,  9136. ,  9827. , 12446. , 10966. ,  8699. ,
        8538. ,  8828. ,  8716. ,  8463. ,  8764. , 13821. , 24285.5,
       19007. , 29151. , 35229. ,  9232. , 35247. , 30245. , 12176. ,
       11738. ])]"
28,"[array([23995.5, 11607. , 11108. , 10650. , 10146. ,  9544. , 10603. ,
       21508.5, 21528.5,  9035. , 13993. , 20100. , 14600. ,  8656. ,
        8690. ,  9411.5,  8808. ,  8889. ,  9593. , 11555. , 14553. ,
        9743. , 26422. , 31896.5, 10978. , 34148. , 27724. , 12420. ,
       20634.5])]","[array([24187.0, 11271.5, 11154.0, 10572.0, 10434.0, 9959.5, 11552.0,
       22276.5, 22237.0, 10269.0, 14866.0, 20574.0, 15420.0, 9844.0,
       9503.0, 10022.0, 9655.0, 9654.0, 10346.0, None, 15189.0, 10499.0,
       26941.5, 32477.0, 10539.0, 34730.0, 28098.0, 12418.5, 21283.0],
      dtype=object)]","[array([24945. ,  9983. ,  9747. ,  9492. ,  9069.5,  8675. ,  9620. ,
       22572. , 22636. ,  9074. , 12714. , 19946. , 13333. ,  8438. ,
        8567. ,  8913. ,  8546. ,  8421. ,  8967. , 10199. , 13584. ,
        8937. , 27630.5, 33673. ,  9306. , 36235. , 29407. , 10554. ,
       20591. ])]"
29,"[array([24524., 11801., 10925., 10501., 10302.,  9441., 10746., 21951.,
       20549.,  9092., 13482., 18941., 17103.,  8829.,  8674.,  9408.,
        8807., 11515.,  9665., 10661., 13057.,  9595., 24114., 30791.,
       10778., 34891., 27456., 12274., 32629.])]","[array([24750.0, 11514.0, 10960.0, 10459.0, 10554.0, 9926.0, 11680.0,
       22717.0, 21277.0, 10327.0, 14404.0, 19407.0, 17905.0, 10070.0,
       9537.0, 10021.0, 9664.0, 12154.0, 10463.0, None, 13665.0, 10349.0,
       24556.0, 31343.0, 10387.0, 35487.0, 27804.0, 12283.0, 33150.0],
      dtype=object)]","[array([25588., 10082.,  9586.,  9384.,  9189.,  8640.,  9692., 23174.,
       21344.,  9116., 12039., 18622., 16587.,  8556.,  8625.,  8903.,
        8542., 10300.,  9002.,  9454., 11763.,  8851., 24914., 32412.,
        9201., 37054., 29117., 10505., 34129.])]"
30,"[array([23739. , 11659. , 11098. , 10729. , 10055. ,  9515. , 10506. ,
       21424. , 21875. ,  9015. , 13865. , 20032. , 14312. ,  8725. ,
        8684. ,  9423. ,  8741. ,  8764. ,  9664. , 11950.5, 15238.5,
        9881. , 26446.5, 32445. , 10720. , 34483. , 27682. , 12472.5,
       18468. ])]","[array([23919.0, 11308.0, 11157.0, 10634.0, 10359.0, 9926.0, 11438.0,
       22200.0, 22557.0, 10251.0, 14738.0, 20511.0, 15136.5, 9942.0,
       9495.0, 10039.0, 9579.0, 9502.0, 10417.0, None, 15908.0, 10604.0,
       26985.5, 33046.0, 10276.5, 35060.0, 28056.0, 12449.0, 19054.5],
      dtype=object)]","[array([24639. , 10018. ,  9738. ,  9544. ,  9018. ,  8650. ,  9552. ,
       22486.5, 22871. ,  9059. , 12510. , 19862. , 12952. ,  8474. ,
        8535. ,  8920. ,  8485. ,  8363. ,  9011. , 10505. , 14411. ,
        9007. , 27671.5, 34292.5,  9204. , 36580. , 29355. , 10564. ,
       17969. ])]"
31,"[array([24011., 11892., 10979., 10623., 10231.,  9543., 10576., 22000.,
       21228.,  9039., 13684., 19851., 15730.,  8736.,  8690.,  9420.,
        8779.,  9491.,  9686., 11052., 13951.,  9682., 25298., 31820.,
       10766., 34765., 27640., 12355., 24578.])]","[array([24206.0, 11557.0, 11042.0, 10549.0, 10456.0, 9939.0, 11530.0,
       22769.0, 21937.0, 10279.0, 14561.0, 20318.0, 16517.0, 9957.0,
       9524.0, 10036.0, 9628.0, 10193.0, 10463.0, None, 14588.0, 10450.0,
       25806.0, 32408.0, 10379.0, 35359.0, 28011.0, 12382.0, 25165.0],
      dtype=object)]","[array([24972., 10153.,  9645.,  9464.,  9140.,  8678.,  9598., 23220.,
       22200.,  9078., 12311., 19663., 14836.,  8495.,  8595.,  8917.,
        8520.,  8758.,  9026.,  9760., 12853.,  8910., 26324., 33586.,
        9189., 36905., 29309., 10533., 25166.])]"
32,"[array([24625. , 11294.5, 11156. , 10116. ,  9939. ,  9388. , 11264.5,
       18571.5, 19335.5,  9167. , 14046.5, 19750.5, 18868.5,  8640. ,
        8648. ,  9415. ,  9044. ,  9620. ,  9553. , 10169. , 13682.5,
       11847.5, 25639. , 31547. , 11052. , 33152. , 28206. , 12121.5,
       23279. ])]","[array([24851.0, 11093.0, 11229.0, 10260.0, 10410.0, 10119.0, 12205.0,
       19478.0, 20024.5, 10353.0, 14915.5, 20212.0, 19622.0, 9773.0,
       9479.0, 10033.0, 9909.0, 10348.5, 10319.0, None, 14248.0, 12234.0,
       26095.0, 32102.0, 10560.0, 33723.0, 28597.0, 12247.0, 23944.5],
      dtype=object)]","[array([25740. ,  9821. ,  9790. ,  9151. ,  8986. ,  8738. , 10074. ,
       19081.5, 20096. ,  9182. , 12835. , 19533. , 18587. ,  8454. ,
        8602. ,  8909. ,  8644. ,  8894. ,  8938. ,  9122. , 12333. ,
       10319. , 26641.5, 33298.5,  9307. , 35197. , 29973. , 10404. ,
       23421.5])]"
33,"[array([24408. , 11399. , 11244. , 10269. ,  9730. ,  9461. , 11142. ,
       17020.5, 15926.5,  9103. , 14034. , 20161. , 14027. ,  8597. ,
        8661. ,  9399. ,  9025.5,  9142. ,  9438. , 10858. , 15199. ,
       11101. , 26833.5, 32015.5, 10917. , 33070. , 28206. , 12473. ,
       15658.5])]","[array([24618.0, 11146.0, 11291.0, 10386.0, 10235.0, 10136.5, 12074.0,
       17947.0, 16711.0, 10337.0, 14921.0, 20633.0, 14880.0, 9755.0,
       9491.0, 10020.0, 9899.0, 9955.0, 10181.0, None, 15799.5, 11637.0,
       27315.0, 32579.0, 10444.0, 33637.0, 28594.0, 12559.0, 16391.0],
      dtype=object)]","[array([25472. ,  9883. ,  9870. ,  9270. ,  8854. ,  8755. , 10002. ,
       17143.5, 16091. ,  9180. , 12764. , 20002.5, 12530.5,  8427. ,
        8592. ,  8904. ,  8653. ,  8610. ,  8866. ,  9570. , 14186. ,
        9757.5, 28024. , 33808.5,  9290. , 35105. , 29973.5, 10617. ,
       14654.5])]"
34,"[array([24559. , 11434. , 11279. , 10253. ,  9652. ,  9430. , 11150.5,
       14840.5, 13094. ,  9082. , 13356. , 19973. , 12281. ,  8592. ,
        8669. ,  9378. ,  9045. ,  9028. ,  9372. , 11146.5, 17283.5,
       12167. , 27156. , 32405. , 10918. , 32805. , 28457. , 12605. ,
       12311.5])]","[array([24776.0, 11171.0, 11307.0, 10400.0, 10193.0, 10150.0, 12083.5,
       15781.0, 13789.0, 10343.0, 14255.0, 20436.0, 13233.5, 9758.0,
       9500.0, 9999.0, 9932.0, 9876.0, 10113.0, None, 17976.5, 12648.0,
       27639.0, 32971.0, 10452.0, 33360.0, 28852.0, 12685.0, 13169.5],
      dtype=object)]","[array([25648. ,  9917.5,  9892. ,  9254. ,  8826. ,  8742. , 10014.5,
       14410.5, 12770. ,  9188. , 11914. , 19754. , 10987. ,  8427. ,
        8587. ,  8893. ,  8674. ,  8573. ,  8822. ,  9800.5, 16687.5,
       10545. , 28394. , 34225. ,  9333. , 34823. , 30248. , 10758. ,
       10876.5])]"
35,"[array([25493. , 11533. , 11108. ,  9441. ,  9314.5,  9407. , 11823. ,
       13704. , 10860. ,  9092. , 12757. , 20371. , 17161.5,  8728. ,
        8614. ,  9395. ,  9062. ,  9238. ,  9593. , 10240. , 15607. ,
       15216.5, 25518. , 32356. , 11115. , 32137. , 29105. , 12272. ,
        9342. ])]","[array([25741.0, 11329.0, 11179.5, 9830.0, 10138.0, 10397.0, 12885.0,
       14793.5, 11449.5, 10337.0, 13627.0, 20828.5, 17874.5, 9844.0,
       9465.0, 10021.0, 9941.0, 10085.0, 10303.0, None, 16361.0, 15604.5,
       25908.0, 32896.0, 10622.0, 32726.0, 29525.0, 12489.0, 10463.0],
      dtype=object)]","[array([26743. , 10032. ,  9813. ,  8718. ,  8749. ,  8878. , 10553. ,
       13021. ,  9945. ,  9224. , 11388. , 20255. , 16535.5,  8509. ,
        8583. ,  8894. ,  8641. ,  8702. ,  8958. ,  9152. , 14678.5,
       13108. , 26422. , 34100. ,  9466. , 34135. , 30963. , 10558. ,
        8913. ])]"
36,"[array([25515. , 11509. , 11001. ,  9859. ,  9234. ,  9390. , 11601. ,
       13891. ,  8580. ,  9138. , 11166. , 20148. , 16879. ,  8987. ,
        8586. ,  9264. ,  9008. ,  9196. ,  9343. ,  9742.5, 16294. ,
       16362. , 27685. , 31609. , 11084. , 32039. , 29289. , 12844. ,
        9033. ])]","[array([25757.0, 11284.0, 11073.0, 10231.0, 10087.0, 10466.0, 12655.0,
       15034.5, 9587.0, 10402.0, 12083.0, 20580.5, 17621.5, 10025.0,
       9445.0, 9894.0, 9889.0, 10077.0, 10030.0, None, 17094.0, 16754.5,
       28127.5, 32122.0, 10573.0, 32631.0, 29709.0, 13040.0, 10209.0],
      dtype=object)]","[array([26752. , 10016.5,  9742. ,  8933. ,  8710. ,  8895. , 10436. ,
       13381. ,  8673. ,  9266. , 10319.5, 19953. , 16236.5,  8605. ,
        8574. ,  8821. ,  8629. ,  8675. ,  8786. ,  8895. , 15714. ,
       14710. , 28924.5, 33236. ,  9430. , 34015. , 31174. , 11098. ,
        8704. ])]"
37,"[array([25408. , 11547. , 11064. , 10636.5,  9369.5,  9407. , 11363. ,
       12058. ,  8593. ,  9097. , 10382. , 19100. , 14082. ,  8622. ,
        8613. ,  9210. ,  9028. ,  9091. ,  9173. ,  9933. , 17834. ,
       15446.5, 28406. , 31787. , 10990. , 32112. , 29270. , 13218. ,
        9046. ])]","[array([25645.0, 11284.0, 11110.0, 10785.0, 10144.0, 10376.0, 12381.0,
       13172.0, 9608.0, 10387.0, 11409.0, 19494.0, 14939.5, 9761.0,
       9475.0, 9850.0, 9922.0, 10010.0, 9897.0, None, 18596.0, 15918.0,
       28903.0, 32308.0, 10500.0, 32698.0, 29686.0, 13323.0, 10221.0],
      dtype=object)]","[array([26629. , 10028. ,  9778. ,  9494. ,  8769. ,  8855. , 10256. ,
       10916.5,  8649. ,  9246. ,  9905. , 18648. , 12800. ,  8432. ,
        8581. ,  8800. ,  8663. ,  8625. ,  8686. ,  8991. , 17650. ,
       13640.5, 29781. , 33456.5,  9390. , 34085. , 31162. , 11463. ,
        8704. ])]"
38,"[array([25101. , 11292. , 10919. , 10167. , 12632. ,  9158. , 11147. ,
       18001.5, 19054.5,  9225. , 13478. , 16309. , 21411. ,  8797. ,
        8609. ,  9374. ,  8965.5, 14457. ,  9681. ,  9786. , 11943. ,
       10362.5, 23652. , 30273. , 10672. , 34463. , 27520. , 12023. ,
       34880. ])]","[array([25348.0, 11067.0, 10962.0, 10239.0, 13064.0, 9957.0, 12182.0,
       18854.0, 19739.5, 10340.0, 14380.0, 16861.0, 22131.0, 9932.0,
       9461.0, 9976.0, 9810.0, 15041.5, 10495.0, None, 12779.0, 10856.0,
       24057.0, 30783.0, 10203.5, 35074.0, 27880.0, 12087.0, 35068.0],
      dtype=object)]","[array([26283. ,  9750.5,  9582. ,  9172. , 11210. ,  8584. ,  9979. ,
       18483.5, 19660. ,  9128. , 12016. , 15458. , 21608. ,  8550. ,
        8609. ,  8866. ,  8591. , 12991. ,  9007. ,  8895. , 10249. ,
        9280.5, 24325. , 31810. ,  9017. , 36642. , 29196. , 10372. ,
       35905.5])]"
39,"[array([24140., 11558., 11325., 10595., 10144.,  9463., 10716., 13695.,
        9065.,  8988., 12255., 18250., 11757.,  8610.,  8676.,  9328.,
        8973.,  8927.,  9325., 13634., 22793., 12146., 27726., 32553.,
       10951., 33106., 28274., 12867., 12573.])]","[array([24327.0, 11220.0, 11308.0, 10619.0, 10530.0, 10057.0, 11624.0,
       14663.0, 10065.0, 10269.0, 13134.0, 18645.0, 12794.0, 9826.0,
       9493.0, 9934.0, 9844.0, 9779.0, 10091.0, None, 23640.0, 12758.0,
       28282.0, 33131.0, 10464.0, 33667.0, 28665.0, 12923.0, 13362.0],
      dtype=object)]","[array([25127.,  9985.,  9904.,  9478.,  9106.,  8671.,  9711., 13140.,
        8921.,  9111., 10921., 17519., 10588.,  8425.,  8538.,  8855.,
        8669.,  8524.,  8783., 11996., 23343., 10505., 29094., 34389.,
        9322., 35129., 30042., 11012., 11082.])]"
40,"[array([24501. , 11592. , 11338. , 10653. , 10487.5,  9443. , 10761. ,
       11022. ,  8795. ,  9002. , 10723. , 16319.5, 11886. ,  8625. ,
        8671. ,  9287. ,  9115. ,  8875. ,  9224. , 13992.5, 22605.5,
       14680. , 27916. , 32388. , 10788. , 33001. , 28655. , 13379. ,
       10482.5])]","[array([24704.0, 11235.0, 11308.0, 10653.0, 10855.0, 10091.0, 11635.5,
       12239.0, 9841.0, 10283.0, 11670.0, 16681.5, 12931.0, 9842.0,
       9493.0, 9900.0, 9996.0, 9741.0, 10008.0, None, 23448.0, 15199.5,
       28463.0, 32971.0, 10318.0, 33564.0, 29061.0, 13365.0, 11371.0],
      dtype=object)]","[array([25548. , 10005. ,  9912. ,  9505. ,  9353. ,  8689. ,  9751. ,
        9996. ,  8769. ,  9129. , 10024. , 15183. , 10675. ,  8435. ,
        8536. ,  8833. ,  8758. ,  8508. ,  8724. , 12327. , 23171. ,
       12579. , 29297. , 34214.5,  9239. , 35033. , 30469. , 11565. ,
        9399.5])]"
41,"[array([24574. , 11623. , 11342. , 10806. , 11220. ,  9410. , 10711. ,
       10457.5,  8791. ,  9029. , 10448. , 14788. , 12052. ,  8690. ,
        8665. ,  9250. ,  9237.5,  8837. ,  9191. , 12886. , 23107. ,
       16028.5, 28022. , 32333. , 10726. , 33118. , 28989. , 13886. ,
        9904. ])]","[array([24782.0, 11261.0, 11303.0, 10747.0, 11590.0, 10067.0, 11574.0,
       11737.5, 9844.0, 10325.0, 11455.0, 15304.0, 13127.0, 9943.5,
       9505.0, 9875.0, 10110.0, 9706.0, 9982.0, None, 23966.5, 16537.0,
       28588.0, 32909.0, 10262.5, 33686.0, 29397.0, 13727.0, 10956.0],
      dtype=object)]","[array([25632. , 10022. ,  9917. ,  9596. ,  9877. ,  8669. ,  9724. ,
        9601. ,  8768. ,  9155. ,  9908. , 13029. , 10804. ,  8485. ,
        8548. ,  8818. ,  8849. ,  8494. ,  8711. , 11363. , 23796. ,
       14086.5, 29429. , 34146. ,  9222. , 35161. , 30859. , 12206.5,
        9087. ])]"
42,"[array([24547. , 11611. , 11370. , 10887. , 11913. ,  9415. , 10643. ,
       10341. ,  8803. ,  9033. , 10366. , 14440. , 12181. ,  8781. ,
        8659. ,  9228. ,  9278. ,  8831. ,  9195. , 13515. , 23251. ,
       16245.5, 28056. , 32471. , 10759. , 33172. , 29109. , 14096. ,
        9858. ])]","[array([24752.0, 11248.0, 11321.0, 10817.5, 12313.5, 10062.0, 11503.0,
       11642.5, 9864.0, 10341.0, 11375.5, 14974.0, 13283.0, 10050.0,
       9505.0, 9866.0, 10143.0, 9706.0, 9999.0, None, 24114.5, 16704.0,
       28626.5, 33050.5, 10290.0, 33730.0, 29518.0, 13905.0, 10936.0],
      dtype=object)]","[array([25600. , 10012. ,  9934. ,  9651. , 10451. ,  8667. ,  9681. ,
        9518. ,  8774. ,  9167. ,  9855. , 12664. , 10924. ,  8544. ,
        8551. ,  8812. ,  8892. ,  8495. ,  8721. , 11941.5, 23972. ,
       14367. , 29474. , 34303. ,  9246. , 35214. , 30981. , 12490. ,
        9061. ])]"
43,"[array([24621., 11598., 11357., 10938., 13741.,  9410., 10648., 10153.,
        8812.,  9068., 10306., 14324., 12618.,  8911.,  8658.,  9209.,
        9350.,  8882.,  9188., 13524., 22930., 15770., 28087., 32529.,
       10713., 33200., 29290., 14344.,  9656.])]","[array([24833.0, 11248.0, 11306.0, 10882.0, 14120.0, 10071.0, 11514.0,
       11424.0, 9874.0, 10375.0, 11328.0, 14870.0, 13706.0, 10174.0,
       9519.0, 9861.0, 10210.0, 9779.0, 9996.0, None, 23787.0, 16261.0,
       28658.0, 33093.0, 10255.0, 33760.0, 29704.0, 14156.0, 10773.0],
      dtype=object)]","[array([25685., 10006.,  9924.,  9683., 12243.,  8677.,  9693.,  9403.,
        8782.,  9190.,  9825., 12575., 11267.,  8629.,  8578.,  8807.,
        8952.,  8524.,  8723., 11948., 23682., 13879., 29500., 34350.,
        9232., 35251., 31188., 12810.,  8966.])]"
44,"[array([24884. , 11537. , 11289. , 11036.5, 11209. ,  9373. , 10872. ,
       10134. ,  8774. ,  9076. , 10389. , 14916. , 12684. ,  8820. ,
        8666. ,  9207. ,  9259. ,  9005. ,  9111. , 12359.5, 22221.5,
       14471. , 28056. , 32059. , 10632.5, 33139. , 29341.5, 14203. ,
        9360. ])]","[array([25108.0, 11230.0, 11259.0, 10967.0, 11673.0, 10105.0, 11765.0,
       11335.0, 9834.0, 10378.0, 11443.0, 15429.0, 13742.0, 10073.0,
       9530.0, 9858.0, 10144.0, 9918.0, 9888.0, None, 23067.0, 14970.5,
       28601.5, 32605.0, 10196.0, 33709.0, 29755.0, 14049.0, 10492.0],
      dtype=object)]","[array([26026. ,  9995. ,  9896. ,  9768. ,  9930. ,  8703. ,  9859. ,
        9417. ,  8763. ,  9203. ,  9918. , 13153. , 11320. ,  8574. ,
        8606. ,  8811. ,  8896. ,  8595. ,  8668. , 10876. , 22787.5,
       12442. , 29443. , 33811. ,  9221. , 35184. , 31240. , 12683. ,
        8826. ])]"
45,"[array([24957. , 11552. , 11236. , 10884.5, 10103. ,  9424. , 11024. ,
       10489. ,  8745. ,  9060. , 10451. , 17365.5, 12191. ,  8661. ,
        8666. ,  9250. ,  9215. ,  9019. ,  9133. , 11331.5, 20287. ,
       14695. , 28067. , 32098. , 10667. , 32954. , 29204. , 13709.5,
        9307. ])]","[array([25186.0, 11260.0, 11241.0, 10826.0, 10572.5, 10178.0, 11975.0,
       11613.5, 9790.0, 10350.0, 11483.0, 17740.0, 13248.5, 9871.0,
       9513.0, 9875.0, 10115.0, 9926.0, 9877.0, None, 21057.5, 15195.5,
       28580.0, 32643.5, 10227.5, 33534.0, 29619.0, 13632.0, 10447.0],
      dtype=object)]","[array([26115.5, 10007. ,  9883. ,  9672. ,  9101. ,  8754. ,  9981. ,
        9658. ,  8741. ,  9192. ,  9935. , 16425. , 10937.5,  8472. ,
        8580. ,  8824. ,  8824. ,  8592. ,  8667. ,  9986. , 20543. ,
       12627.5, 29419. , 33851. ,  9218. , 34991. , 31090. , 12015. ,
        8818. ])]"
46,"[array([24875. , 11532. , 11245. , 10455. ,  9604. ,  9428. , 11136. ,
       11135. ,  8802. ,  9046. , 10903. , 19186. , 12134. ,  8628. ,
        8662. ,  9304. ,  9144. ,  9039. ,  9209. , 11323. , 18918.5,
       14642. , 27951.5, 32326. , 10752. , 32639.5, 28967. , 13210.5,
        9540. ])]","[array([25100.0, 11246.0, 11258.0, 10570.0, 10246.0, 10227.0, 12086.0,
       12191.5, 9839.0, 10330.0, 11853.5, 19599.0, 13153.0, 9807.0,
       9497.0, 9918.0, 10038.0, 9932.0, 9964.0, None, 19654.0, 15112.0,
       28447.0, 32889.0, 10310.5, 33203.0, 29378.0, 13253.0, 10609.0],
      dtype=object)]","[array([26025. ,  9987. ,  9882. ,  9389. ,  8851. ,  8779. , 10047. ,
       10102. ,  8777. ,  9183. , 10149. , 18721. , 10860. ,  8445. ,
        8561. ,  8846. ,  8751. ,  8597. ,  8709. ,  9947.5, 18929. ,
       12633. , 29274. , 34121. ,  9256. , 34655. , 30827. , 11403. ,
        8919.5])]"
47,"[array([28118. , 11616. , 11090. , 24736. ,  9554. ,  9581. , 11131. ,
       13175.5,  9753.5, 10924. , 11426.5, 15750. , 17494. , 27087. ,
        8767. ,  9361. ,  9073. ,  9052. ,  9229. , 10372. , 20368. ,
       12740. , 30997.5, 24964. , 10992. , 33171. , 31772. , 13244. ,
        9740. ])]","[array([28375.0, 11372.0, 11155.0, 24975.0, 10196.0, 10428.0, 12224.0,
       14380.0, 10602.0, 11744.0, 12325.0, 16123.0, 18207.0, 27793.0,
       9656.0, 10012.0, 9905.0, 9899.0, 9936.0, None, 21144.0, 13131.0,
       31532.0, 25254.5, 10538.0, 33786.0, 32267.0, 13306.0, 10547.0],
      dtype=object)]","[array([29495. , 10049. ,  9794. , 25319.5,  8831. ,  8931. , 10111. ,
       12235. ,  9254. ,  9938. , 10525. , 14733. , 17087. , 28217.5,
        8714. ,  8915. ,  8731. ,  8660. ,  8739. ,  9387. , 20828.5,
       10948.5, 32792.5, 25670. ,  9431. , 35166. , 33935. , 11422. ,
        9029. ])]"
48,"[array([27787. , 12116. , 11219. , 27632. ,  9785.5,  9643. , 11192. ,
       10469.5,  9529. , 11115. , 12344.5, 15110. , 17519. , 27685.5,
        8740. ,  9423. ,  9085. ,  8913. ,  9294. , 10827. , 19361. ,
       12241. , 30629. , 24587. , 11269. , 33313. , 31994. , 12976. ,
       13933. ])]","[array([28031.0, 11809.0, 11204.0, 27820.0, 10321.0, 10412.0, 12301.0,
       11716.0, 10429.5, 11985.0, 13209.0, 15521.5, 18240.5, 28342.0,
       9617.0, 10068.0, 9869.0, 9740.0, 9986.0, None, 20050.0, 12631.5,
       31166.0, 24850.0, 10754.0, 33933.0, 32501.0, 13085.0, 14367.5],
      dtype=object)]","[array([29103. , 10372. ,  9880. , 28445. ,  8939. ,  8935. , 10145. ,
        9585. ,  9188. , 10073. , 11177. , 13886. , 17141. , 29181.5,
        8693. ,  8959. ,  8730. ,  8583. ,  8784. ,  9691. , 19578. ,
       10601. , 32418. , 25197.5,  9632. , 35312.5, 34151. , 11086. ,
       12903.5])]"
49,"[array([27841. , 11941.5, 11036. , 30302. ,  9958. ,  9424. , 11198. ,
        9710.5, 12623.5, 10259. , 13169. , 15498. , 21404.5, 22011. ,
        8560. ,  9383. ,  9041. ,  9156. ,  9737. , 10372. , 13366. ,
       21171.5, 26166. , 26842. , 10901. , 33141. , 31030.5, 12429. ,
       18439.5])]","[array([28131.0, 11699.5, 11088.0, 30677.0, 10649.0, 10320.0, 12285.0,
       10944.0, 13452.5, 11077.0, 14031.0, 15895.0, 22141.0, 22683.0,
       9425.0, 10013.0, 9847.0, 10037.0, 10368.0, None, 13915.0, 21589.0,
       26670.5, 27222.0, 10471.0, 33767.0, 31517.0, 12625.0, 19089.0],
      dtype=object)]","[array([29265.5, 10298. ,  9774.5, 32024. ,  9152. ,  8848. , 10139. ,
        9139. , 11726. ,  9500. , 11699. , 14407.5, 21596. , 22645.5,
        8611. ,  8919. ,  8702. ,  8705. ,  9073. ,  9406. , 11893. ,
       20905. , 27314. , 27840. ,  9284. , 35161. , 33074.5, 10707. ,
       17738. ])]"
50,"[array([28032., 11697., 11310., 28760., 10199.,  9526., 11252.,  9826.,
       11104., 10991., 13150., 14291., 20936., 25781.,  8647.,  9456.,
        9137.,  8975.,  9414., 10709., 16478., 18872., 31039., 25692.,
       11108., 33179., 31671., 12897., 20912.])]","[array([28302.0, 11499.0, 11251.0, 29007.0, 10723.0, 10369.0, 12382.0,
       11070.0, 11957.0, 11801.0, 14001.0, 14876.0, 21677.0, 26405.0,
       9535.0, 10093.0, 9917.0, 9798.0, 10057.0, None, 17009.0, 19206.0,
       31583.0, 26010.0, 10647.0, 33802.0, 32183.0, 13007.0, 21535.0],
      dtype=object)]","[array([29418., 10108.,  9952., 29933.,  9236.,  8885., 10167.,  9187.,
       10171.,  9953., 11697., 12548., 21073., 27203.,  8656.,  8974.,
        8762.,  8611.,  8862.,  9620., 15870., 18481., 32834., 26492.,
        9472., 35167., 33768., 11046., 20801.])]"
51,"[array([26101. , 11563. , 10891. , 24020.5,  9299. ,  9564. , 11204. ,
       18013. ,  9049. ,  9647. , 11632. , 17704. , 17792. , 12707.5,
        8575. ,  9203. ,  9066. ,  9170. ,  9226. ,  9769. , 17727. ,
       16330. , 31241. , 27079. , 11161.5, 32748. , 31046. , 12955. ,
        9213. ])]","[array([26331.0, 11333.0, 10984.0, 24329.5, 10110.0, 10550.0, 12270.0,
       19066.0, 10028.0, 10611.0, 12530.0, 18084.0, 18450.5, 13478.5,
       9455.0, 9845.0, 9921.0, 10077.0, 9915.0, None, 18470.0, 16600.5,
       31757.0, 27451.0, 10619.0, 33364.0, 31525.5, 13132.0, 10247.0],
      dtype=object)]","[array([27351. , 10046. ,  9673. , 24526. ,  8734. ,  8963. , 10189. ,
       18603. ,  8956. ,  9337. , 10668. , 17055.5, 17463. , 11328.5,
        8600. ,  8788. ,  8688. ,  8693. ,  8720. ,  8958.5, 17513. ,
       15044. , 32950. , 28135. ,  9412. , 34750. , 33114. , 11206. ,
        8767. ])]"
52,"[array([27245. , 11595. , 11012. , 25327. ,  9451. ,  9454. , 11137. ,
       17632.5,  9492. , 10309. , 11182.5, 16497. , 17273. , 16888.5,
        8637. ,  9259. ,  9062. ,  9142. ,  9193. , 10149. , 19547.5,
       14036. , 31722. , 25960. , 11136.5, 33068. , 31629. , 13159. ,
        9290. ])]","[array([27471.0, 11338.0, 11065.5, 25597.5, 10161.5, 10453.0, 12218.0,
       18695.5, 10384.0, 11120.0, 12057.0, 16826.0, 17970.0, 17674.0,
       9525.0, 9900.0, 9904.0, 10034.0, 9894.0, None, 20311.0, 14336.0,
       32251.0, 26308.0, 10617.0, 33685.0, 32120.0, 13278.5, 10246.0],
      dtype=object)]","[array([28554. , 10075. ,  9734. , 25999. ,  8793. ,  8899. , 10137. ,
       17879. ,  9133. ,  9560. , 10359. , 15608.5, 16845.5, 16312. ,
        8635. ,  8834. ,  8700. ,  8683. ,  8702. ,  9183. , 19771.5,
       12056. , 33515.5, 26873. ,  9441. , 35067. , 33785. , 11382. ,
        8775. ])]"
53,"[array([25746., 11413., 11000., 19883.,  9603.,  9420., 11191., 19473.,
        8722.,  9252., 11075., 17175., 18293., 11538.,  8631.,  9152.,
        8936.,  9125.,  8996.,  9459., 19558., 13893., 29479., 28660.,
       10821., 32802., 30424., 13916.,  9028.])]","[array([25982.0, 11177.0, 11026.0, 20133.0, 10292.0, 10312.0, 12253.0,
       20389.0, 9803.0, 10486.0, 12091.0, 17554.0, 18990.0, 12492.0,
       9530.0, 9805.0, 9822.0, 10082.0, 9721.0, None, 20350.0, 14315.0,
       29999.0, 29091.0, 10357.0, 33417.0, 30863.0, 13885.0, 10149.0],
      dtype=object)]","[array([26990.,  9932.,  9725., 19633.,  8871.,  8785., 10168., 20300.,
        8790.,  9290., 10370., 16355., 18037., 10296.,  8657.,  8774.,
        8658.,  8673.,  8578.,  8785., 19795., 11853., 30995., 29965.,
        9190., 34832., 32474., 12462.,  8661.])]"
54,"[array([25421. , 11477. , 11074. , 12241.5,  9682. ,  9422. , 11215. ,
       11430. ,  8632. ,  9139. , 10423.5, 17819. , 15266. ,  8696. ,
        8631. ,  9175. ,  9024. ,  9063. ,  9047. ,  9986. , 18859.5,
       14633. , 28548. , 31203. , 10891. , 32634. , 29459. , 13692. ,
        9046. ])]","[array([25656.0, 11227.0, 11094.0, 12334.0, 10332.0, 10300.0, 12243.0,
       12496.5, 9657.0, 10430.0, 11483.5, 18199.0, 16017.0, 9845.0,
       9506.0, 9830.0, 9928.0, 9988.0, 9776.0, None, 19626.0, 15068.5,
       29069.0, 31689.0, 10416.0, 33227.0, 29873.0, 13662.0, 10202.0],
      dtype=object)]","[array([26636. ,  9974. ,  9778. , 10695. ,  8932. ,  8815. , 10161. ,
       10363. ,  8670. ,  9255. ,  9961. , 17069. , 14374. ,  8458. ,
        8620. ,  8791. ,  8719.5,  8625. ,  8617. ,  9027. , 19025. ,
       12691.5, 29951. , 32782. ,  9339. , 34649. , 31381. , 12048. ,
        8683. ])]"
55,"[array([25199. , 11517. , 11202. , 11557. , 13143. ,  9453. , 10985. ,
       10078.5,  8767. ,  9125. , 10498. , 15069. , 14213. ,  9017. ,
        8668. ,  9184.5,  9171. ,  9044. ,  9017. , 10834.5, 20529. ,
       13733.5, 28071. , 31757. , 10602. , 33161. , 29480. , 14354. ,
        9191. ])]","[array([25431.0, 11233.0, 11183.0, 11425.0, 13648.0, 10170.0, 11950.0,
       11225.0, 9825.0, 10435.0, 11566.0, 15586.0, 15137.5, 10219.0,
       9558.0, 9845.0, 10067.0, 9966.0, 9765.0, None, 21330.0, 14279.0,
       28612.0, 32279.0, 10181.0, 33729.0, 29894.0, 14196.0, 10336.0],
      dtype=object)]","[array([26382. ,  9967. ,  9851. , 10106. , 11821. ,  8759. ,  9965. ,
        9385. ,  8756.5,  9239. , 10007. , 13370. , 12899. ,  8673. ,
        8650. ,  8805. ,  8865. ,  8624. ,  8611. ,  9588. , 20938. ,
       11695.5, 29440. , 33445. ,  9207. , 35207. , 31400. , 12863.5,
        8752. ])]"
56,"[array([25095. , 11409. , 11288. , 12706.5, 15861. ,  9447. , 10840. ,
       10027.5,  8889. ,  9214. , 11248.5, 14320. , 16319. , 11059.5,
        8698. ,  9192. ,  9286. ,  9019. ,  9083. , 11038. , 21484. ,
       13418. , 27968. , 32096.5, 10526. , 33343.5, 29758. , 15391. ,
        9359. ])]","[array([25321.0, 11116.0, 11243.0, 12843.0, 16260.5, 10073.0, 11729.0,
       11239.0, 9960.0, 10531.0, 12296.5, 14867.0, 17061.0, 12101.0,
       9613.0, 9866.0, 10161.0, 9947.0, 9876.0, None, 22269.0, 13994.5,
       28541.0, 32634.0, 10135.0, 33922.0, 30176.0, 15247.0, 10450.0],
      dtype=object)]","[array([26243. ,  9907. ,  9877. , 11192. , 14662.5,  8700. ,  9845. ,
        9347. ,  8834. ,  9273. , 10467. , 12611.5, 15686. , 10061.5,
        8691. ,  8819. ,  8973. ,  8614. ,  8671. ,  9766. , 22126. ,
       11406. , 29376. , 33854. ,  9172. , 35409. , 31732. , 14235. ,
        8809. ])]"
57,"[array([24473.5, 11491. , 12265. , 20638. , 14249.5,  9623. , 10536. ,
       11684. ,  9000. ,  9518. , 10770. , 13726. , 17477. , 31929.5,
        8683. ,  9266. ,  9167. ,  9158. ,  9936.5, 10196.5, 24904. ,
       12266.5, 28702. , 35246. , 10678. , 33937. , 30186. , 14915. ,
       10095. ])]","[array([24671.0, 11180.0, 12077.0, 20664.5, 14468.0, 10075.0, 11395.0,
       12751.5, 10063.0, 10841.0, 11748.5, 14325.0, 18229.0, 32285.5,
       9639.0, 9967.0, 10050.0, 10065.0, 10858.0, None, 25793.0, 12981.0,
       29321.0, 35876.0, 10280.0, 34495.0, 30622.0, 14725.0, 11146.0],
      dtype=object)]","[array([25489. ,  9936. , 10477. , 20079.5, 12625.5,  8736. ,  9597. ,
       10818. ,  8843. ,  9403. , 10092.5, 12090. , 17156. , 33123.5,
        8700. ,  8861. ,  8902. ,  8688.5,  9242. ,  9200. , 26202. ,
       10526. , 30180. , 37279. ,  9269. , 35997. , 32188. , 13559.5,
        9099. ])]"
58,"[array([25229., 11261., 11254., 21469., 13786.,  9458., 10832., 13591.,
        9018.,  9471., 12399., 14399., 20592., 28902.,  8721.,  9257.,
        9037.,  9304.,  9199.,  9647., 23812., 10876., 27270., 32327.,
       10618., 33689., 30352., 15955.,  9301.])]","[array([25457.0, 10987.0, 11227.0, 21596.0, 14145.0, 10033.0, 11739.0,
       14230.0, 10098.0, 10774.0, 13341.0, 14959.0, 21365.0, 29395.0,
       9693.0, 9952.0, 9950.0, 10167.0, 10037.0, None, 24651.0, 11543.0,
       27855.0, 32851.0, 10196.0, 34261.0, 30796.0, 15871.0, 10399.0],
      dtype=object)]","[array([26377.,  9827.,  9844., 21221., 12206.,  8691.,  9835., 12983.,
        8918.,  9426., 11254., 12722., 20772., 30033.,  8766.,  8875.,
        8874.,  8806.,  8780.,  8913., 24983.,  9691., 28599., 34098.,
        9204., 35759., 32369., 14922.,  8802.])]"
59,"[array([25866., 11250., 11040., 19678., 11194.,  9411., 11105., 20757.,
        9449.,  9446., 11873., 14928., 20193., 23458.,  8678.,  9216.,
        8919.,  9149.,  8879.,  9635., 22130., 12194., 27808., 28236.,
       10705., 33419., 30789., 15649.,  9002.])]","[array([26096.0, 11008.0, 11034.0, 19917.0, 11722.0, 10153.0, 12183.0,
       21638.0, 10397.0, 10573.0, 12856.0, 15409.0, 20910.0, 24213.0,
       9635.0, 9888.0, 9814.0, 10101.0, 9671.0, None, 22944.0, 12715.0,
       28377.0, 28640.0, 10242.0, 34021.0, 31244.0, 15615.0, 10091.0],
      dtype=object)]","[array([27088.,  9832.,  9730., 19451.,  9925.,  8727., 10088., 21747.,
        9108.,  9316., 10894., 13392., 20296., 24006.,  8741.,  8839.,
        8687.,  8728.,  8539.,  8889., 23023., 10460., 29198., 29436.,
        9106., 35470., 32859., 14575.,  8631.])]"
60,"[array([27018. , 11391. , 10954. , 20664. , 10120. ,  9532. , 11130. ,
       20005.5,  9398. , 10435. , 11303. , 15364. , 18260. , 25345. ,
        8728. ,  9273. ,  8941. ,  8999. ,  8988. , 10535.5, 21889. ,
       12467. , 29600. , 25902.5, 10652. , 33446. , 31332. , 14344.5,
        9041. ])]","[array([27246.0, 11171.0, 11014.0, 20893.0, 10590.0, 10312.0, 12224.0,
       20966.0, 10367.0, 11212.0, 12253.0, 15754.0, 18949.5, 26038.0,
       9649.0, 9933.0, 9809.0, 9924.0, 9747.0, None, 22707.0, 12929.0,
       30145.5, 26258.0, 10224.0, 34063.0, 31813.0, 14221.0, 10006.0],
      dtype=object)]","[array([28307. ,  9924. ,  9693. , 20617.5,  9126. ,  8847.5, 10099. ,
       20766. ,  9109. ,  9591. , 10477. , 14215. , 17999. , 26141. ,
        8732. ,  8859. ,  8682. ,  8651. ,  8592. ,  9411. , 22749. ,
       10734. , 31282. , 26808. ,  9151. , 35454. , 33469. , 12851. ,
        8646. ])]"
61,"[array([25590. , 11438. , 10985. , 14751. ,  9352. ,  9424. , 11281. ,
       15790.5,  8594. ,  9158. , 10864. , 18589. , 17834.5,  9192. ,
        8599. ,  9157. ,  8979. ,  9136. ,  9081. ,  9625.5, 18079.5,
       15184.5, 28667. , 30224. , 10895.5, 32402. , 29653. , 13368. ,
        9009. ])]","[array([25831.0, 11207.0, 11033.0, 14932.0, 10148.0, 10402.0, 12325.0,
       16745.5, 9617.0, 10424.0, 11889.5, 18974.5, 18537.0, 10182.0,
       9474.0, 9808.0, 9873.0, 10065.0, 9791.0, None, 18852.0, 15541.0,
       29178.0, 30665.0, 10405.0, 33012.0, 30074.0, 13477.0, 10158.0],
      dtype=object)]","[array([26829. ,  9949. ,  9726.5, 13233. ,  8771. ,  8851. , 10227. ,
       15770.5,  8680. ,  9265. , 10238. , 18023. , 17477. ,  8662.5,
        8609. ,  8772. ,  8663. ,  8664. ,  8625. ,  8864. , 17971. ,
       13493. , 30083. , 31697. ,  9283. , 34398. , 31602. , 11644. ,
        8664. ])]"
62,"[array([24588. ,     0. , 11430. ,     0. ,     0. , 13130. ,     0. ,
       33126. ,     0. , 12199. , 16612. , 13236. , 22252. , 35598.5,
        8745. ,     0. ,  9716. ,     0. ,  9116. ,     0. , 18475. ,
           0. , 27850. , 22020.5,     0. ,     0. , 31497. , 12775. ,
       23249.5])]","[array([24799.0, 0.0, 11508.0, 0.0, 0.0, 13566.0, 0.0, 33730.0, 0.0,
       12695.0, 17184.0, 13863.0, 22905.5, 35892.5, 9639.0, 0.0, 10442.0,
       0.0, 9741.0, None, 19020.5, 0.0, 28325.0, 22198.0, 0.0, 0.0,
       32032.0, 12838.0, 23724.5], dtype=object)]","[array([25540. ,     0. , 10028. ,     0. ,     0. , 11484.5,     0. ,
       35481.5,     0. , 10582. , 16062. , 11561. , 22492. , 38014. ,
        8692. ,     0. ,  9139. ,     0. ,  8656. ,     0. , 18545. ,
           0. , 29405. , 22070. ,     0. ,     0. , 33608.5, 10677. ,
       23528.5])]"
63,"[array([25623. ,     0. , 11482. , 11163. ,  9233. , 11546. , 10886. ,
       25413.5,  9002. , 11624. , 16430. , 13805. , 21419. , 36795. ,
        8789. ,  9347. ,  9166.5,  8713. ,  8782. ,  9862. , 18999. ,
        9583. , 28237. , 23194. , 11298.5, 32904. , 31864. , 12909. ,
       15320. ])]","[array([25832.0, 0.0, 11482.0, 11127.5, 9806.0, 11717.0, 11951.5, 26089.5,
       9962.0, 12452.0, 17067.0, 14464.0, 22147.0, 37050.0, 9690.0,
       9988.0, 9912.0, 9506.0, 9492.0, None, 19613.0, 10261.0, 28747.0,
       23417.0, 10863.5, 33517.5, 32383.0, 12933.0, 15592.5], dtype=object)]","[array([26666. ,     0. , 10058. ,  9751. ,  8512. , 10068. ,  9789. ,
       26883.5,  8721. , 10314. , 15853. , 12092. , 21687. , 39359.5,
        8745. ,  8923. ,  8795. ,  8526. ,  8524. ,  9027. , 19251. ,
        8872. , 29815. , 23519. ,  9629. , 34846. , 34009. , 10810. ,
       14436. ])]"
64,"[array([26804. ,     0. , 11287. , 18136.5,     0. , 10869.5, 10386. ,
       17908.5,  8188.5, 11539.5, 15104. , 13682.5, 23015. , 37368. ,
        8659. ,  9240. ,  9295. ,  8547. ,  9045. ,  8867. , 17541. ,
        9278. , 31735. , 23778. ,  9634. , 32848.5, 31458. , 13053. ,
       22572.5])]","[array([27051.0, 0.0, 11251.0, 18335.5, 0.0, 11156.0, 11600.0, 18782.5,
       8786.0, 12386.0, 15853.5, 14356.0, 23723.0, 37684.5, 9561.0,
       9875.0, 10051.0, 9333.0, 9681.0, None, 18113.0, 9735.5, 32285.0,
       24025.0, 9344.5, 33469.0, 31975.0, 13049.0, 23068.0], dtype=object)]","[array([28010.5,     0. ,  9915. , 17903.5,     0. ,  9491. ,  9453. ,
       17916.5,  7958. , 10262. , 14164. , 11992. , 23509. , 39856. ,
        8683. ,  8848. ,  8910. ,  8353. ,  8628. ,  8197. , 17394. ,
        8628. , 33649. , 24209.5,  8260. , 34785.5, 33559. , 11073. ,
       22827.5])]"
65,"[array([27316. , 11046. , 11342. , 23965.5,  9640. , 10178.5, 11186. ,
       12226.5,  9469. , 11305. , 15207. , 13907. , 21078. , 34193. ,
        8692. ,  9431. ,  9133. ,  8857. ,  9010. , 10805. , 18808. ,
       10594. , 30173. , 24028. , 11606. , 33398. , 31864.5, 13116. ,
       18513. ])]","[array([27558.5, 10981.0, 11293.0, 24156.0, 10176.0, 10721.0, 12302.0,
       13280.5, 10380.0, 12209.0, 15955.0, 14533.0, 21834.0, 34657.0,
       9583.0, 10073.0, 9885.0, 9674.0, 9651.0, None, 19425.0, 11111.0,
       30698.0, 24281.0, 11030.0, 34026.0, 32380.0, 13172.0, 19074.0],
      dtype=object)]","[array([28567. ,  9486.5,  9957. , 24323. ,  8788. ,  9145. , 10103. ,
       11165.5,  9134. , 10150. , 14313. , 12196. , 21287. , 36548. ,
        8698. ,  8971. ,  8769. ,  8544. ,  8609. ,  9685. , 18885. ,
        9521. , 31976.5, 24510. ,  9771. , 35382.5, 33999. , 11140. ,
       18506. ])]"
66,"[array([27982., 11848., 11152., 16247., 10168.,  9790., 11184., 14706.,
        9665., 11044., 11559., 15308., 18049., 32851.,  8815.,  9371.,
        9007.,  8936.,  9097., 10696., 21198., 11355., 29235., 24785.,
       10704., 33307., 31052., 13436.,  9741.])]","[array([28238.0, 11551.0, 11202.0, 16286.0, 10519.0, 10447.0, 12295.0,
       15816.0, 10511.0, 11917.0, 12444.0, 15693.0, 18764.0, 33420.0,
       9731.0, 10018.0, 9841.0, 9782.0, 9816.0, None, 22007.0, 11890.0,
       29807.0, 25079.0, 10286.0, 33918.0, 31516.0, 13399.0, 10454.0],
      dtype=object)]","[array([29351., 10181.,  9817., 15055.,  9103.,  8967., 10120., 14025.,
        9222., 10005., 10603., 14185., 17752., 34877.,  8778.,  8926.,
        8723.,  8629.,  8670.,  9521., 21881., 10028., 30976., 25445.,
        9241., 35298., 33191., 11597.,  8998.])]"
67,"[array([28191., 12115., 11195., 23496.,  9802.,  9771., 11176., 12053.,
        9904., 11085., 11829., 15418., 17265., 30483.,  8813.,  9416.,
        9093.,  8986.,  9208., 10807., 20401., 11761., 30085., 24321.,
       10968., 33244., 31724., 13177., 10754.])]","[array([28452.0, 11855.0, 11237.0, 23663.0, 10310.0, 10494.0, 12270.0,
       13275.0, 10675.0, 11943.0, 12683.0, 15817.0, 17996.0, 31082.0,
       9717.0, 10076.0, 9920.0, 9810.0, 9917.0, None, 21157.0, 12240.0,
       30625.0, 24589.0, 10534.0, 33861.0, 32212.0, 13232.0, 11416.0],
      dtype=object)]","[array([29574., 10350.,  9872., 23790.,  8947.,  9008., 10128., 10878.,
        9297., 10038., 10786., 14311., 16846., 32079.,  8757.,  8955.,
        8756.,  8645.,  8738.,  9646., 20901., 10330., 31875., 24860.,
        9446., 35241., 33902., 11315.,  9621.])]"
68,"[array([33147. , 11868. , 10363.5, 10526. , 14773. , 10381. ,  9268. ,
       20895. ,  9298. ,  9120. ,  9181. , 10966. , 10672. , 10295. ,
        8411.5, 10376. , 31878. ,  9337. ,  9108. , 11003. ,  8928. ,
       11615. , 15072. , 11588. , 11190. , 29396. , 11551.5, 11141. ,
       40715. , 15112. , 10067. ])]","[array([33770. , 11657.5, 10105. , 10392. , 14834. , 10660. ,  9617. ,
       21176. ,  9962. ,  9930. ,  9980. , 11496. , 11599. , 11077. ,
        9163. , 11106. , 32556. , 10181. ,  9787. , 12206. ,  9624. ,
       12317. , 15398. , 11487. , 11330. , 29778. , 11406.5, 11230. ,
       40984. , 15402.5, 10625. ])]","[array([35763. , 10141. ,  9185. ,  9351. , 12443. ,  9204. ,  8614. ,
       20742. ,  8856. ,  8933. ,  8907. ,  9799. ,  9789. ,  9528. ,
        8218. ,  9573. , 33666. ,  8851.5,  8721. ,  9901. ,  8474. ,
       10381. , 14052.5, 10094. ,  9815. , 31139. ,  9989. ,  9845. ,
       42946.5, 13664. ,  9106.5])]"
69,"[array([33512. , 11649. , 10363. , 10535. , 14903.5, 10413. ,  9238. ,
       20765.5,  9277. ,  9071. ,  9127.5, 10965. , 10523. , 10224.5,
        8351. , 10540.5, 31782. ,  9344. ,  9056. , 10997. ,  8910. ,
       11668. , 14558.5, 11763.5, 11250. , 29137.5, 11528.5, 11147. ,
       40782. , 16826. , 10078. ])]","[array([34140. , 11439. , 10091. , 10385. , 14941. , 10666. ,  9598. ,
       21072.5,  9975. ,  9917. ,  9958. , 11528. , 11477. , 11028. ,
        9131. , 11291.5, 32456. , 10208. ,  9758. , 12221. ,  9617.5,
       12385. , 14910. , 11618.5, 11403. , 29507. , 11378. , 11220. ,
       41038. , 17108. , 10625. ])]","[array([36163. , 10030. ,  9184. ,  9356. , 12549. ,  9207. ,  8594. ,
       20620. ,  8857. ,  8922. ,  8889. ,  9819. ,  9697. ,  9486. ,
        8186. ,  9708.5, 33550. ,  8864. ,  8695. ,  9906. ,  8463. ,
       10416. , 13461.5, 10191. ,  9836. , 30831. ,  9920. ,  9848. ,
       43046. , 15687.5,  9110. ])]"
70,"[array([33956. , 11606. , 10343. , 10491. , 14750. , 10340. ,  9119. ,
       20276. ,  9127.5,  8953. ,  9006. , 11915.5, 10302. ,  9798. ,
        8212. , 10594. , 31797. ,  9137. ,  8943. , 10984. ,  8870. ,
       11563. , 14859. , 11763. , 11280. , 28940. , 11906. , 11135. ,
       40048.5, 17776. ,  9929.5])]","[array([34589. , 11363. , 10046. , 10340. , 14808. , 10606. ,  9532. ,
       20600.5,  9912. ,  9879. ,  9905. , 12590.5, 11347. , 10741. ,
        9034. , 11392.5, 32478. , 10070. ,  9704. , 12225. ,  9592. ,
       12300. , 15179.5, 11613. , 11405. , 29295. , 11686. , 11193. ,
       40296. , 18069.5, 10510. ])]","[array([36656.5,  9995. ,  9171. ,  9325. , 12420. ,  9168.5,  8527. ,
       20076. ,  8812. ,  8912. ,  8853. , 10559. ,  9574. ,  9300. ,
        8110.5,  9769. , 33574. ,  8764. ,  8620. ,  9904. ,  8432. ,
       10339. , 13744.5, 10177. ,  9817.5, 30594. , 10184.5,  9830. ,
       42290. , 16877.5,  9011. ])]"
71,"[array([33757., 11857., 10360., 10487., 14503., 10206.,  9117., 20071.,
        9128.,  8979.,  9044., 12490., 10511.,  9977.,  8247., 10397.,
       31962.,  9090.,  8968., 11008.,  8883., 11404., 16526., 11602.,
       11269., 29101., 12029., 11135., 39738., 16162.,  9902.])]","[array([34397., 11619., 10068., 10346., 14603., 10500.,  9531., 20359.,
        9894.,  9888.,  9918., 13170., 11474., 10854.,  9049., 11148.,
       32649., 10026.,  9718., 12227.,  9603., 12119., 16765., 11497.,
       11391., 29467., 11757., 11198., 40000., 16480., 10489.])]","[array([36436., 10128.,  9178.,  9330., 12259.,  9082.,  8528., 19821.,
        8809.,  8924.,  8866., 11036.,  9701.,  9356.,  8132.,  9603.,
       33781.,  8737.,  8632.,  9911.,  8436., 10228., 15512., 10091.,
        9836., 30790., 10335.,  9826., 41963., 14917.,  9010.])]"
72,"[array([33347. , 11550.5, 10444. , 10633. , 15284.5, 10687. ,  9502. ,
       22481. ,  9466. ,  9287. ,  9353. , 10350. , 10906. , 10793. ,
        8563. , 10661. , 31259. ,  9451. ,  9140.5, 10999.5,  8977. ,
       11796. , 13563. , 11421. , 11082. , 28886. , 10149.5, 11466. ,
       41241. , 13159.5, 10533. ])]","[array([33972. , 11370. , 10162. , 10459. , 15243. , 10831. ,  9747. ,
       22764. , 10060. ,  9987. , 10048. , 10969. , 11805. , 11471. ,
        9271. , 11402. , 31910. , 10258. ,  9799. , 12197. ,  9648. ,
       12501. , 14029. , 11384. , 11298. , 29253. , 10450.5, 11585. ,
       41482.5, 13452.5, 10970. ])]","[array([35965. ,  9957. ,  9222. ,  9417. , 12920.5,  9362. ,  8741. ,
       22592.5,  8903.5,  8945. ,  8946. ,  9394. ,  9937. ,  9831. ,
        8306. ,  9796.5, 32950. ,  8907. ,  8758. ,  9906. ,  8527. ,
       10513. , 12515.5, 10014. ,  9755. , 30543. ,  8968.5, 10070. ,
       43431. , 11665. ,  9417. ])]"
73,"[array([33223. , 12318. , 10453. , 10446. , 14047. , 10026. ,  9168. ,
       19308.5,  9182. ,  9036. ,  9104. , 17831. , 10497. ,  9853. ,
        8252.5,  9295. , 31846. ,  9025. ,  9052. , 11029. ,  8856. ,
       10882. , 17782.5, 11547. , 11129.5, 29227. , 12025. , 11172. ,
       37528. , 13353. ,  9875. ])]","[array([33847. , 12132.5, 10159. , 10318. , 14207. , 10353. ,  9557. ,
       19532. ,  9860. ,  9830. ,  9929. , 18579.5, 11532. , 10740.5,
        9049. , 10259.5, 32557. ,  9990. ,  9762. , 12194. ,  9581. ,
       11560. , 18109. , 11506. , 11320. , 29605. , 11743. , 11235. ,
       37872.5, 13674. , 10426. ])]","[array([35866. , 10448. ,  9229. ,  9274. , 11936.5,  8941. ,  8560. ,
       18849.5,  8788. ,  8879. ,  8827. , 17133. ,  9680. ,  9241.5,
        8126. ,  8945. , 33739.5,  8716. ,  8659. ,  9901. ,  8407. ,
        9841. , 17031.5, 10048. ,  9765. , 30963. , 10378. ,  9852. ,
       39701.5, 11738.5,  8968. ])]"
74,"[array([34512. , 12118.5, 10317. , 10217. , 13709. ,  9699. ,  8929. ,
       18238.5,  8919. ,  8856. ,  8993. , 20352.5, 10562.5,  9675. ,
        8147. ,  9620.5, 31677. ,  8983. ,  8939. , 11118. ,  8881. ,
       10828. , 17171.5, 11958. , 11129. , 28290. , 11734.5, 11046. ,
       35511. , 11729.5,  9697. ])]","[array([35152. , 11941. , 10051. , 10152.5, 13883. , 10105. ,  9440. ,
       18485. ,  9732.5,  9778. ,  9867. , 21100.5, 11645. , 10613. ,
        8944. , 10500. , 32395. ,  9985. ,  9727. , 12320. ,  9592. ,
       11501. , 17450.5, 11771. , 11110. , 28639. , 11552. , 11141. ,
       35872.5, 12130. , 10382. ])]","[array([37248. , 10345. ,  9186. ,  9134. , 11713. ,  8789. ,  8455. ,
       17627. ,  8705. ,  8893. ,  8793. , 20134. ,  9750. ,  9169. ,
        8067. ,  9119. , 33568. ,  8697.5,  8567. ,  9966. ,  8401. ,
        9800. , 16291. , 10287. ,  9692. , 29878. , 10189.5,  9775. ,
       37571.5, 10329.5,  8919. ])]"
75,"[array([34835., 11542., 10270., 10202., 13376.,  9717.,  8863., 18900.,
        8807.,  8789.,  8912., 19232., 10330.,  9581.,  8079., 10613.,
       31455.,  8981.,  8902., 11103.,  8857., 11008., 16723., 11757.,
       11060., 28066., 11676., 11017., 33984., 10828.,  9693.])]","[array([35455., 11328.,  9984., 10121., 13576., 10104.,  9421., 19214.,
        9687.,  9776.,  9835., 20111., 11434., 10567.,  8898., 11465.,
       32160.,  9995.,  9711., 12343.,  9588., 11720., 16965., 11591.,
       11024., 28411., 11544., 11101., 34380., 11325., 10408.])]","[array([37620.,  9991.,  9169.,  9133., 11437.,  8797.,  8430., 18418.,
        8676.,  8902.,  8798., 19017.,  9614.,  9160.,  8028.,  9821.,
       33287.,  8698.,  8549.,  9982.,  8397.,  9943., 15654., 10173.,
        9626., 29620., 10147.,  9766., 36203.,  9685.,  8931.])]"
76,"[array([34620. , 11402.5, 10287. , 10202.5, 13406. ,  9915. ,  8829. ,
       19672. ,  8762. ,  8779. ,  8873. , 19750. , 10040. ,  9439.5,
        8064. , 10750. , 31242.5,  8939. ,  8872. , 11087. ,  8845. ,
       11068. , 16258. , 11990. , 11050. , 28152.5, 11910.5, 11015. ,
       33155.5, 11049.5,  9632. ])]","[array([35226. , 11135. ,  9996. , 10120. , 13588. , 10288.5,  9416. ,
       20034.5,  9663. ,  9781. ,  9811. , 20601. , 11195. , 10481. ,
        8887. , 11678. , 31937. ,  9959. ,  9690. , 12341. ,  9582. ,
       11794.5, 16494. , 11746. , 10992. , 28489. , 11752. , 11098. ,
       33565.5, 11579. , 10397. ])]","[array([37399. ,  9930. ,  9177. ,  9131. , 11403. ,  8927. ,  8420. ,
       19357. ,  8658. ,  8905. ,  8774. , 19561.5,  9422. ,  9094. ,
        8017. ,  9961. , 33034. ,  8671. ,  8528. ,  9980. ,  8390. ,
        9974.5, 15107. , 10271. ,  9609. , 29687. , 10327. ,  9769. ,
       35345. ,  9922. ,  8922. ])]"
77,"[array([34310., 11479., 10301., 10365., 14443., 10294.,  8996., 20167.,
        8969.,  8876.,  8941., 13707.,  9965.,  9343.,  8132., 10621.,
       31633.,  9048.,  8893., 11001.,  8872., 11396., 15453., 12031.,
       11221., 28688., 12243., 11147., 38487., 16300.,  9801.])]","[array([34936., 11221., 10013., 10244., 14517., 10569.,  9480., 20514.,
        9828.,  9850.,  9865., 14630., 11086., 10400.,  8960., 11490.,
       32319., 10015.,  9687., 12259.,  9596., 12139., 15741., 11805.,
       11294., 29038., 12022., 11191., 38810., 16572., 10457.])]","[array([37084.,  9939.,  9155.,  9238., 12181.,  9144.,  8476., 19947.,
        8761.,  8919.,  8838., 12288.,  9369.,  9048.,  8062.,  9839.,
       33420.,  8720.,  8559.,  9924.,  8422., 10219., 14349., 10324.,
        9763., 30290., 10501.,  9840., 40772., 15127.,  8971.])]"
78,"[array([33468. , 11228. , 10597.5, 10355. , 12142.5, 10318.5,  8725. ,
       11066. ,  9076. ,  8699. ,  8925. , 17090.5, 11022.5, 10136. ,
        8022. ,  8834. , 30892. ,  9211. ,  8836.5, 11188. ,  8869. ,
       10544. , 18820. , 12159. , 11543.5, 26600. , 11573. , 11184. ,
        9698. , 22186.5,  9284. ])]","[array([34116. , 11038. , 10291. , 10250. , 12516. , 10745. ,  9411. ,
       11998. ,  9953. ,  9763. ,  9890.5, 17964.5, 12124.5, 11060. ,
        8801. ,  9959. , 31623. , 10223. ,  9648. , 12379. ,  9585. ,
       11239. , 19015.5, 12057. , 11347. , 26905. , 11383. , 11242. ,
        9960.5, 22483. , 10168. ])]","[array([36141. ,  9761. ,  9335. ,  9208. , 10623. ,  9165.5,  8371. ,
        9929. ,  8886. ,  8920. ,  8766. , 16834. , 10043.5,  9402. ,
        7972. ,  8623. , 32874.5,  8784. ,  8458. ,  9949. ,  8338. ,
        9517. , 17963. , 10279. ,  9820. , 28017. ,  9999. ,  9798. ,
        8775. , 22268. ,  8703. ])]"
79,"[array([33022., 11013., 10366., 10044., 10219.,  9588.,  8573., 13578.,
        8519.,  8648.,  8880., 11143., 11792., 10202.,  7980., 10048.,
       29731.,  9745.,  8911., 11118.,  8863., 12594., 19984., 13131.,
       11243., 25798., 11360., 11054.,  9423.,  9591.,  9528.])]","[array([33593., 10740., 10040.,  9980., 10760., 10155.,  9344., 14389.,
        9517.,  9749.,  9881., 12200., 12853., 11164.,  8768., 10896.,
       30399., 10708.,  9750., 12305.,  9563., 13458., 20044., 12501.,
       10957., 26061., 11213., 11135.,  9787., 10402., 10509.])]","[array([35569.,  9700.,  9250.,  8974.,  9163.,  8765.,  8324., 11993.,
        8546.,  8913.,  8740., 10082., 10661.,  9491.,  7940.,  9315.,
       31406.,  9108.,  8539.,  9958.,  8317., 11121., 19135., 10902.,
        9616., 27093.,  9944.,  9784.,  8661.,  8896.,  8951.])]"
80,"[array([32993.5, 11064. , 10694. , 10671. , 14025. , 11392. ,  8827. ,
       11760. ,  9143. ,  8705. ,  8963. , 10079. , 10112. ,  9769.5,
        8027. ,  8955. , 31409. ,  9106. ,  8625. , 11278. ,  8777. ,
       10999.5, 20059.5, 11958. , 11324. , 28754. , 15097.5, 11381. ,
        9741.5, 19870. ,  9357. ])]","[array([33629. , 10817. , 10322. , 10430. , 14142. , 11614. ,  9435. ,
       12643.5,  9976. ,  9736. ,  9926. , 11011. , 11308. , 10795. ,
        8822. , 10118. , 32149. , 10119. ,  9408. , 12410. ,  9544. ,
       11715. , 20201. , 11929.5, 11275. , 29149. , 14892.5, 11340. ,
        9965. , 20212. , 10144. ])]","[array([35703. ,  9630. ,  9349. ,  9388. , 11703. ,  9796. ,  8394. ,
       10345. ,  8850. ,  8853. ,  8760. ,  9243. ,  9387. ,  9154. ,
        7985. ,  8685. , 33410. ,  8721. ,  8385. ,  9997. ,  8303. ,
        9819. , 19413.5, 10096. ,  9705. , 30448. , 13460. ,  9872. ,
        8804. , 19309.5,  8680. ])]"
81,"[array([34619. , 11317. , 10324. , 10102. , 10878.5,  9584. ,  8694. ,
       15900. ,  8643. ,  8692. ,  8913. , 16347. , 11358.5, 10151. ,
        8019. , 10187. , 30091. ,  9185. ,  8878. , 11230. ,  8863. ,
       11213. , 17892.5, 12079. , 11118. , 26326. , 11364. , 10977. ,
       12912. , 10138. ,  9676. ])]","[array([35228. , 11042. , 10018. , 10031. , 11325.5, 10064. ,  9371. ,
       16410. ,  9590. ,  9748. ,  9874. , 17326. , 12443. , 11073. ,
        8816. , 11053. , 30797. , 10183. ,  9708. , 12461. ,  9578. ,
       11975. , 18110. , 11862.5, 10945. , 26603. , 11272. , 11084. ,
       13065. , 10853.5, 10496. ])]","[array([37358. ,  9877. ,  9216. ,  9049. ,  9605. ,  8746. ,  8371. ,
       14935. ,  8607. ,  8901. ,  8773. , 15884.5, 10380. ,  9465.5,
        7973. ,  9481.5, 31862. ,  8810.5,  8523. , 10062. ,  8355. ,
       10078.5, 16919.5, 10351. ,  9591. , 27673.5,  9948. ,  9742. ,
       11502. ,  9219.5,  8969. ])]"
82,"[array([32736. , 11035. , 10372. , 10062.5, 10066. ,  9521. ,  8534. ,
       16791.5,  8477. ,  8641. ,  8799. , 11784. , 12619.5,  9815. ,
        7947. , 11144.5, 27810. ,  9312. ,  8843. , 11190. ,  8803. ,
       13242.5, 19136. , 13282. , 11364. , 25790. , 11438. , 10951. ,
       10442.5,  9382. ,  9595. ])]","[array([33291. , 10723.5, 10025.5,  9965.5, 10566. , 10053. ,  9306. ,
       17352. ,  9498. ,  9749. ,  9834. , 12936. , 13700. , 10849. ,
        8743. , 12115. , 28502.5, 10330. ,  9705. , 12411.5,  9545. ,
       14205.5, 19242. , 12564. , 11118. , 26038. , 11242. , 11033. ,
       10654. , 10217. , 10616. ])]","[array([35197. ,  9696. ,  9251. ,  8990. ,  9011. ,  8706. ,  8304. ,
       16008. ,  8514. ,  8910. ,  8720. , 10635.5, 11260. ,  9278. ,
        7918. , 10141. , 29340. ,  8856. ,  8493. , 10013. ,  8299. ,
       11629. , 18124.5, 10913. ,  9633. , 27056. ,  9973. ,  9707. ,
        9267. ,  8768. ,  8986. ])]"
83,"[array([33379.5, 11188. , 10360. , 10074. , 10990. ,  9637.5,  8646. ,
       12551. ,  8633.5,  8666. ,  8891. , 15049.5, 11873. , 10151. ,
        8009. ,  9292. , 30418. ,  9551. ,  8899. , 11203. ,  8876. ,
       11392. , 19065. , 12973. , 11204. , 26039. , 11267. , 11056. ,
        9536. , 10920.5,  9607.5])]","[array([33987. , 10921.5, 10048. ,  9999. , 11454. , 10188. ,  9360. ,
       13408. ,  9598. ,  9749. ,  9875. , 16094. , 12905.5, 11085.5,
        8797. , 10232. , 31106. , 10528. ,  9729. , 12398. ,  9571. ,
       12165. , 19189.5, 12408.5, 11013. , 26309. , 11130. , 11148. ,
        9816. , 11617.5, 10457. ])]","[array([36001. ,  9803. ,  9230. ,  8994. ,  9706. ,  8790. ,  8343. ,
       11052. ,  8611. ,  8907. ,  8738. , 14132. , 10730. ,  9466. ,
        7966. ,  8830. , 32226. ,  8994. ,  8524. , 10003. ,  8330. ,
       10189. , 18144.5, 10810. ,  9616. , 27373. ,  9855. ,  9775. ,
        8665. ,  9829. ,  8917.5])]"
84,"[array([32267. , 10927. , 10366. ,  9967. , 11334. , 10148. ,  8585. ,
       11541. ,  8737. ,  8662. ,  8857. ,  9806. , 11757.5, 10324.5,
        8008. ,  8843. , 31301. ,  9497. ,  8885. , 11051. ,  8908. ,
       11157. , 20960. , 13327. , 11282. , 25721. , 11343.5, 11062. ,
        9275. , 14473.5,  9244. ])]","[array([32854. , 10691. , 10071. ,  9932. , 11755. , 10646. ,  9355. ,
       12519. ,  9701. ,  9761. ,  9862. , 10730.5, 12807. , 11269. ,
        8786. ,  9984. , 31958. , 10491. ,  9727. , 12203. ,  9573. ,
       11932. , 21004. , 12733. , 10963. , 25988. , 11167. , 11169. ,
        9565. , 14925. , 10217. ])]","[array([34760.5,  9593. ,  9215. ,  8883. , 10007. ,  9095. ,  8316. ,
       10279. ,  8688. ,  8913. ,  8722. ,  9239. , 10587. ,  9582.5,
        7956. ,  8622. , 33188. ,  8924. ,  8499. ,  9862. ,  8321. ,
        9987. , 20237. , 11050. ,  9657. , 27017. ,  9869. ,  9731. ,
        8554. , 13288. ,  8732. ])]"
85,"[array([31863. , 10860. , 10399. , 10184. , 11144. , 10615.5,  8659. ,
       11692. ,  8712. ,  8669. ,  8905. ,  9137. , 11164. , 10363. ,
        7996. ,  8810. , 31801. ,  9101. ,  8813. , 10468. ,  8799. ,
       10701. , 22578. , 13285. , 11203. , 25707. , 11336. , 10982. ,
        9666. , 16638. ,  9110. ])]","[array([32458. , 10599. , 10069. , 10042. , 11430. , 11016. ,  9343. ,
       12677. ,  9672. ,  9765. ,  9934. , 10363. , 12275. , 11336.5,
        8793. , 10028. , 32454. , 10134. ,  9642. , 11558. ,  9532. ,
       11485. , 22632. , 12842. , 11152. , 25979. , 11129. , 11070. ,
        9922. , 17011. , 10035. ])]","[array([34382. ,  9536. ,  9211. ,  9075. ,  9855. ,  9380. ,  8322. ,
       10363. ,  8671. ,  8905. ,  8775. ,  9132. , 10133. ,  9617.5,
        7953. ,  8639. , 33766. ,  8717. ,  8450. ,  9494. ,  8284. ,
        9618. , 22196. , 11006. ,  9617. , 26991. ,  9788. ,  9642. ,
        8828. , 15633. ,  8612. ])]"
86,"[array([31936., 10709., 10252., 10271., 11609., 12079.,  8709., 11480.,
        8819.,  8655.,  8943.,  9241., 10490.,  9867.,  8002.,  8964.,
       32160.,  8912.,  8719., 10458.,  8747., 10667., 22643., 12048.,
       11309., 26901., 11529., 10999.,  9840., 20985.,  9140.])]","[array([32554., 10455.,  9927., 10080., 11878., 12552.,  9341., 12382.,
        9689.,  9720.,  9964., 10448., 11698., 10921.,  8802., 10180.,
       32821.,  9972.,  9525., 11515.,  9502., 11445., 22726., 11869.,
       11185., 27216., 11295., 11046., 10041., 21263.,  9983.])]","[array([34521.,  9409.,  9122.,  9095., 10196., 10504.,  8334., 10175.,
        8665.,  8859.,  8768.,  9042.,  9643.,  9305.,  7957.,  8689.,
       34158.,  8628.,  8401.,  9467.,  8261.,  9566., 22341., 10200.,
        9674., 28318.,  9909.,  9640.,  8898., 20766.,  8592.])]"
87,"[array([28181., 11078., 10572., 10444., 11446., 10716.,  8852., 25086.,
        8882.,  8805.,  8808.,  9239.,  9888.,  9164.,  8042.,  9311.,
       29105.,  9101.,  8797., 10919.,  8810., 12462., 12890., 12564.,
       11134., 28247., 11352., 11379., 31667., 11128.,  9631.])]","[array([28516., 10758., 10185., 10261., 11629., 10979.,  9442., 25576.,
        9827.,  9862.,  9804., 10472., 11020., 10279.,  8873., 10375.,
       29806., 10056.,  9617., 12262.,  9569., 13286., 13286., 12092.,
       10962., 28539., 11211., 11304., 31980., 11607., 10392.])]","[array([30049.,  9699.,  9296.,  9304.,  9987.,  9396.,  8424., 25672.,
        8739.,  8951.,  8835.,  9232.,  9333.,  9045.,  8001.,  9081.,
       30712.,  8724.,  8502.,  9884.,  8376., 10940., 11444., 10600.,
        9597., 29672.,  9829.,  9994., 33386.,  9901.,  8911.])]"
88,"[array([23971.5, 10653. , 10621. , 10698. , 11020.5, 10622.5,  9132.5,
       28050. ,  8918. ,  8845. ,  8801. ,  8914. , 10953. ,  8969. ,
        8075. ,  8740. , 27402. ,  8890. ,  8814. , 10768.5,  8713. ,
       12967. , 13254. , 11804.5, 11037. , 27252. ,     0. , 11320. ,
       26813. ,  8835. , 10336. ])]","[array([24079.5, 10391. , 10210. , 10424. , 11044. , 10747. ,  9515. ,
       28488. ,  9808. ,  9840. ,  9786. , 10223. , 11991. , 10161. ,
        8923. ,  9946. , 28101. ,  9787. ,  9605. , 12107. ,  9479. ,
       13756. , 13568.5, 11688. , 11088. , 27508. ,     0. , 11257. ,
       27179.5,  9524. , 10781. ])]","[array([24873. ,  9421. ,  9305. ,  9465. ,  9716. ,  9278. ,  8491. ,
       29069.5,  8720. ,  8866. ,  8806. ,  9023. ,  9988. ,  8982. ,
        8027. ,  8921. , 28875.5,  8601. ,  8580. ,  9777. ,  8352. ,
       11345. , 11819. , 10174. ,  9542. , 28511. ,     0. ,  9942. ,
       27973.5,  8103.5,  9191. ])]"
89,"[array([24776.5, 10584. , 10587. , 10686. , 11633. , 10734. ,  9173. ,
       27569.5,  8947. ,  8871. ,  8813. ,  8950. , 10090. ,  8918. ,
        8091. ,  8825. , 27788. ,  8900. ,  8837. , 10747. ,  8710. ,
       12684. , 12167. , 12006. , 11084. , 27653. ,     0. , 11338. ,
       29541. ,  8198. , 10472. ])]","[array([24908. , 10348. , 10189. , 10412. , 11592. , 10887. ,  9547. ,
       28005.5,  9820. ,  9853. ,  9792. , 10256. , 11229. , 10122. ,
        8944. , 10009. , 28491. ,  9818. ,  9612.5, 12091. ,  9471. ,
       13464. , 12762. , 11875. , 11136. , 27924. ,     0. , 11278. ,
       29903. ,  8819.5, 10874. ])]","[array([25916. ,  9378. ,  9273. ,  9437. , 10166. ,  9388. ,  8521. ,
       28517. ,  8725. ,  8868. ,  8812. ,  9053. ,  9423. ,  8958. ,
        8035. ,  8948. , 29312. ,  8616. ,  8582. ,  9785. ,  8344. ,
       11101. , 10700. , 10318. ,  9585. , 28965.5,     0. ,  9949. ,
       31057.5,  7411.5,  9274. ])]"
90,"[array([28388., 10258., 10594., 10597., 13498., 11308.,  9174., 27165.,
        8972.,  8901.,  8843.,  9080.,  9667.,  8904.,  8143.,  9021.,
       27768.,  9106.,  8908., 10709.,  8785., 12266., 11846., 11477.,
       11298., 27505.,     0., 11405., 31209.,     0., 10751.])]","[array([28749., 10176., 10218., 10364., 13634., 11491.,  9570., 27594.,
        9828.,  9864.,  9804., 10313., 10872., 10087.,  8985., 10152.,
       28475., 10008.,  9655., 12025.,  9512., 13009., 12591., 11467.,
       11320., 27796.,     0., 11386., 31599.,     0., 11079.])]","[array([30445.,  9187.,  9288.,  9379., 11342.,  9819.,  8542., 28075.,
        8741.,  8902.,  8823.,  9085.,  9169.,  8929.,  8061.,  9007.,
       29323.,  8713.,  8606.,  9762.,  8364., 10717., 10445.,  9937.,
        9733., 28827.,     0.,  9985., 32907.,     0.,  9488.])]"
91,"[array([32782. , 10019.5, 10672. , 10702. , 15029. , 11726. ,  9570. ,
       26619.5,  9290. ,  9076. ,  9019. ,  9212. ,  9651.5,  9261. ,
        8211. , 10156. , 28529. ,  9076.5,  8873. , 10777. ,  8781. ,
       11125. , 12027. , 10839. , 11441. , 27364. ,     0. , 11734.5,
       36994. ,     0. , 11125. ])]","[array([33354. , 10010. , 10249. , 10418.5, 14847. , 11653.5,  9776. ,
       26974. ,  9997. ,  9909. ,  9896. , 10359. , 10874. , 10354. ,
        9084. , 11072.5, 29255.5, 10049. ,  9633. , 12031. ,  9500. ,
       11871.5, 12732. , 10871.5, 11561. , 27694.5,     0. , 11769. ,
       37366. ,     0. , 11297. ])]","[array([35336.5,  9055. ,  9328. ,  9433. , 12578. ,  9947. ,  8742. ,
       27442.5,  8828. ,  8903. ,  8832. ,  9083. ,  9164. ,  9172. ,
        8104. ,  9491. , 30236. ,  8755. ,  8626. ,  9784. ,  8379. ,
        9928.5, 10599. ,  9532. ,  9843. , 28724. ,     0. , 10197. ,
       39204.5,     0. ,  9708. ])]"
92,"[array([31654. ,     0. , 10788. , 10749. , 14017. , 12289. ,  9542. ,
       27934.5,  9094. ,  9081. ,  8916. ,  9162. ,  9223. ,  9202. ,
        8130.5,  9390.5, 26198. ,  9044. ,  8746. , 10752. ,  8751. ,
        9924. , 12298. ,  9428. , 11202. , 26879. ,     0. , 11628. ,
           0. ,     0. , 11592.5])]","[array([32190. ,     0. , 10368. , 10478. , 14074. , 12372.5,  9780. ,
       28310. ,  9879. ,  9907. ,  9824. , 10309. , 10460. , 10300. ,
        8984. , 10416. , 26903.5,  9990. ,  9526. , 12010. ,  9471. ,
       10653.5, 12899. ,  9730. , 11395. , 27198. ,     0. , 11664. ,
           0. ,     0. , 11746. ])]","[array([34032. ,     0. ,  9391. ,  9469. , 11781. , 10412. ,  8736. ,
       28900.5,  8751. ,  8905. ,  8782. ,  9079. ,  8782. ,  9143. ,
        8060. ,  9173. , 27660. ,  8717. ,  8554. ,  9764. ,  8357. ,
        8970.5, 10837. ,  8500.5,  9709. , 28160. ,     0. , 10144. ,
           0. ,     0. , 10041. ])]"
93,"[array([31400. ,  9527. , 10653. , 10598. , 14071. , 11673.5,  9338. ,
       27356.5,  9106. ,  8985. ,  8901. ,  9201. ,  9546. ,  8978. ,
        8170. ,  9254. , 27586.5,  9106. ,  8921. , 10708.5,  8823. ,
       11494. , 12040. , 10996.5, 11406. , 27292. ,     0. , 11589.5,
       31743. ,     0. , 11111. ])]","[array([31902.5,  9626. , 10264. , 10375.5, 14121. , 11805. ,  9668.5,
       27770. ,  9893. ,  9887. ,  9829. , 10348. , 10761. , 10133. ,
        9017. , 10315. , 28298. , 10025.5,  9665. , 11999. ,  9522. ,
       12217. , 12708. , 11017. , 11416. , 27603. ,     0. , 11600. ,
       32147. ,     0. , 11321. ])]","[array([33806.5,  8797. ,  9319. ,  9390. , 11819. ,  9971.5,  8636. ,
       28278. ,  8777. ,  8930. ,  8826. ,  9110. ,  9092. ,  8985. ,
        8081. ,  9106. , 29181. ,  8731. ,  8626. ,  9748. ,  8380. ,
       10135. , 10608. ,  9653.5,  9825. , 28618. ,     0. , 10116. ,
       33655. ,     0. ,  9731. ])]"
94,"[array([24515.5,  9642. , 10584. , 10628. , 11531. , 11052. ,  9192. ,
       27914. ,  8904.5,  8884. ,  8809. ,  9002. ,  9559. ,  8880. ,
        8096. ,  8805. , 26186. ,  8989. ,  8892. , 10669. ,  8750. ,
       12043.5, 12111. , 10768. , 11163. , 27134. ,     0. , 11349. ,
       21049.5,     0. , 10980.5])]","[array([24663.5,  9680. , 10217. , 10394. , 11480. , 11229. ,  9570. ,
       28332. ,  9785. ,  9850. ,  9776. , 10270. , 10789. , 10070.5,
        8943. ,  9974. , 26890.5,  9863. ,  9649. , 12020. ,  9490. ,
       12754. , 12698. , 10868.5, 11226.5, 27420. ,     0. , 11348. ,
       21349. ,     0. , 11253.5])]","[array([25635.5,  8828. ,  9290. ,  9400. , 10125. ,  9631.5,  8542. ,
       28928. ,  8716. ,  8886. ,  8816. ,  9079. ,  9083. ,  8951. ,
        8038. ,  8935. , 27587.5,  8639. ,  8602. ,  9741. ,  8359. ,
       10522.5, 10646.5,  9474.5,  9655. , 28410. ,     0. ,  9960. ,
       21599. ,     0. ,  9609. ])]"
95,"[array([32059. , 11187. , 10398. , 10200. , 11615. , 10017. ,  8706. ,
       22026. ,  8685. ,  8747. ,  8829. , 12961. ,  9883. ,  9195. ,
        8025. , 10489. , 29890. ,  8974. ,  8890. , 11000. ,  8852. ,
       11699. , 13432. , 12811. , 11045.5, 28139. , 11973. , 11121. ,
       31935.5, 11156.5,  9437. ])]","[array([32560.5, 10870. , 10067. , 10108. , 11842. , 10407. ,  9396.5,
       22493. ,  9656. ,  9808. ,  9795. , 14108. , 11048. , 10299. ,
        8831. , 11469.5, 30582.5,  9965. ,  9725. , 12331. ,  9589. ,
       12482. , 13734. , 12343. , 10874. , 28444. , 11731. , 11145. ,
       32308.5, 11685. , 10325. ])]","[array([34584. ,  9785. ,  9235. ,  9123. , 10070. ,  8933. ,  8386. ,
       22124. ,  8644. ,  8930. ,  8797. , 11743. ,  9349. ,  9000. ,
        7986. ,  9760. , 31549. ,  8666. ,  8537. ,  9939. ,  8386. ,
       10397. , 11899.5, 10732. ,  9565. , 29598. , 10303. ,  9830. ,
       33764. , 10007. ,  8855. ])]"
96,"[array([35962., 10980.,     0.,     0., 12892.,     0.,  9494.,     0.,
        8997.,     0.,  9019.,     0., 14327.,  8041.,     0., 32770.,
           0.,  8411.,     0.,  8505., 21282.,     0., 11263.,     0.,
           0., 12167.,  7424., 11838., 11298.,     0.])]","[array([36601., 10609.,     0.,     0., 12719.,     0.,  9650.,     0.,
        9735.,     0.,  9992.,     0., 15166.,  8959.,     0., 33480.,
           0.,  9230.,     0.,  9245., 22111.,     0., 11465.,     0.,
           0., 11746.,  7587., 11658., 11219.,     0.])]","[array([38695.,  9620.,     0.,     0., 10706.,     0.,  8596.,     0.,
        8572.,     0.,  8718.,     0., 12604.,  8002.,     0., 34770.,
           0.,  8324.,     0.,  8170., 21601.,     0.,  9685.,     0.,
           0., 10151.,  5842., 10083.,  9746.,     0.])]"
97,"[array([35848., 10901.,     0.,     0., 12423.,     0.,  9494.,     0.,
        8955.,     0.,  9035.,     0., 15376.,     0.,  8035., 11887.,
       32423.,     0.,  8464.,     0.,  8507., 22364.,     0., 11358.,
           0.,     0., 12172., 11256., 12233., 11423.,  9210.])]","[array([36496., 10481.,     0.,     0., 12265.,     0.,  9650.,     0.,
        9705.,     0., 10025.,     0., 16013.,     0.,  8949., 12856.,
       33118.,     0.,  9275.,     0.,  9243., 23242.,     0., 11571.,
           0.,     0., 11697., 11188., 11978., 11372.,  9760.])]","[array([38575.,  9574.,     0.,     0., 10343.,     0.,  8611.,     0.,
        8552.,     0.,  8756.,     0., 13795.,     0.,  7993., 10476.,
       34390.,     0.,  8365.,     0.,  8159., 22863.,     0.,  9774.,
           0.,     0., 10245.,  9866., 10349.,  9821.,  8425.])]"
98,"[array([36256., 10846.,  9798.,     0., 11355.,     0.,  9494., 22957.,
        8912.,     0.,  9016.,  8739., 15562.,     0.,  8029., 16191.,
       32260.,     0.,  8424., 10402.,  8462., 23788., 18732., 11485.,
        9811., 23165., 12259., 12437., 15736., 11680.,  9746.])]","[array([36908., 10483.,  9517.,     0., 11171.,     0.,  9640., 23185.,
        9666.,     0.,  9992., 10045., 16234.,     0.,  8951., 16851.,
       32959.,     0.,  9253., 11194.,  9198., 24667., 19163., 11661.,
       10365., 23287., 11788., 12173., 15514., 11616., 10015.])]","[array([38993.,  9543.,  8831.,     0.,  9610.,     0.,  8619., 23254.,
        8529.,     0.,  8749.,  8565., 14019.,     0.,  7986., 14987.,
       34267.,     0.,  8353.,  8777.,  8133., 24526., 18313.,  9862.,
        8984., 23912., 10339., 10669., 13950.,  9998.,  8689.])]"
99,"[array([36149. , 10847. , 10178. , 10167. , 11163.5,     0. ,  9296. ,
       23317. ,  8806. ,     0. ,  9026. ,  8930. , 18020. ,     0. ,
        8009. , 13741.5, 31232. ,  8256. ,  8532. , 10932. ,  8549. ,
       25115.5, 19489. , 11036. , 10465. , 23605. , 11797. , 13306. ,
       13607.5, 11516. ,  9700. ])]","[array([36811. , 10403. ,  9785. ,  9983. , 11027. ,     0. ,  9584. ,
       23573. ,  9650. ,     0. , 10038. , 10289. , 18353. ,     0. ,
        8894. , 14705. , 31908. ,  8995. ,  9336. , 12075. ,  9310. ,
       25975. , 19887.5, 11194. , 10779. , 23762. , 11390. , 13097. ,
       13413.5, 11538.5, 10072. ])]","[array([38897. ,  9550. ,  9065. ,  9027. ,  9530. ,     0. ,  8547. ,
       23596. ,  8534.5,     0. ,  8791. ,  8810. , 16856. ,     0. ,
        7967. , 12163. , 33146. ,  8089. ,  8403. ,  9788.5,  8162. ,
       26001. , 19024.5,  9608. ,  9259. , 24450. , 10085. , 11666. ,
       11525. ,  9877. ,  8708. ])]"
