,vv_list,vh_list,vv/vh_list
0,"[0.011730846017599106, 0.017004627734422684, 0.03387891501188278, 0.016771988943219185, 0.1013953760266304, 0.00938657857477665, 0.018049083650112152, 0.3495587408542633, 0.15211714804172516, 0.19720333814620972, 0.03740295022726059, 0.031881820410490036, 0.03143780305981636, 0.20570558309555054, 0.09377096593379974, 0.07149186730384827, 0.08034217357635498, 0.012881345115602016, 0.015788862481713295, 0.017215929925441742, 0.012319418601691723, 0.5674392580986023]","[0.006809307262301445, 0.005597294773906469, 0.0028622106183320284, 0.004749637097120285, 0.004886656999588013, 0.007027023006230593, 0.0030498632695525885, 0.01649828813970089, 0.022525444626808167, 0.013999197632074356, 0.020373785868287086, 0.025130778551101685, 0.04657403752207756, 0.07534913718700409, 0.05634760111570358, 0.04677378013730049, 0.04842181131243706, 0.008152937516570091, 0.005848828703165054, 0.009020509198307991, 0.002940819598734379, 0.01766204461455345]","[1.7227664380112366, 3.0380082560052126, 11.836625437308292, 3.5312148276313735, 20.749435868975233, 1.3357830999633742, 5.917997646091175, 21.187576425768544, 6.753125212928595, 14.086760065047297, 1.8358370147337384, 1.2686363992130438, 0.6750070368048691, 2.7300323636755564, 1.6641518729653, 1.528460327431093, 1.6592145439986719, 1.5799636743715837, 2.6994913482710237, 1.908531940599428, 4.189110616303547, 32.127608693222]"
1,"[0.10761991888284683, 0.08628030121326447, 0.017707347869873047, 0.02263900265097618, 0.06031831353902817, 0.018428031355142593, 0.03089342825114727, 0.24018363654613495, 0.12061519175767899, 0.09552174061536789, 0.10203394293785095, 0.028896356001496315, 0.020566657185554504, 0.08896725624799728, 0.049764811992645264, 0.14461250603199005, 0.22536063194274902, 0.21030354499816895, 0.26893216371536255, 0.11700202524662018, 0.0563381053507328, 0.2182973176240921]","[0.02000916376709938, 0.026137782260775566, 0.008189053274691105, 0.0033858472015708685, 0.005681994836777449, 0.004296564497053623, 0.0013687891187146306, 0.02569548785686493, 0.014176822267472744, 0.02091987244784832, 0.005576794035732746, 0.02139551192522049, 0.018816212192177773, 0.019855905324220657, 0.02513243444263935, 0.056325193494558334, 0.03655437380075455, 0.07869267463684082, 0.04616915434598923, 0.014374641701579094, 0.002254159189760685, 0.021463312208652496]","[5.378531563613061, 3.300980180814481, 2.162319290875657, 6.686362763349978, 10.615693127457641, 4.289015414008017, 22.56989614306543, 9.347307896392648, 8.507914501715812, 4.56607662659017, 18.29616483665682, 1.350580257321818, 1.093028553010495, 4.480644664409893, 1.9801031255537647, 2.567456888469656, 6.165079811546304, 2.672466604657927, 5.824931548453303, 8.139474198773746, 24.992957731931078, 10.170719015869787]"
2,"[0.0425112247467041, 0.04460904747247696, 0.09767638146877289, 0.10270106792449951, 0.06633699685335159, 0.10684370994567871, 0.1658925861120224, 0.24568703770637512, 0.05855824053287506, 0.09059789031744003, 0.03687151148915291, 0.05206162482500076, 0.02010025642812252, 0.07011782377958298, 0.04492025077342987, 0.20795130729675293, 0.19105298817157745, 0.18573176860809326, 0.30329185724258423, 0.11141178756952286, 0.03239145129919052, 0.5269343256950378]","[0.006889632903039455, 0.010659859515726566, 0.02181423455476761, 0.010061204433441162, 0.008593284524977207, 0.009997484274208546, 0.007787310052663088, 0.018006479367613792, 0.01631053164601326, 0.015374308452010155, 0.03775972127914429, 0.023345990106463432, 0.018589140847325325, 0.01156181376427412, 0.030077211558818817, 0.026167355477809906, 0.05806567892432213, 0.089151531457901, 0.07848827540874481, 0.023278338834643364, 0.006433251313865185, 0.025991110131144524]","[6.170317830424564, 4.184768796123899, 4.4776442292092815, 10.207631561798351, 7.719632308291054, 10.687059565706297, 21.30293836898029, 13.644368379321527, 3.5902104115158195, 5.892810762853829, 0.976477321338652, 2.230002865056783, 1.0812902324646498, 6.064604153739813, 1.4934978492133186, 7.946974522247655, 3.290291127407288, 2.0833267311375265, 3.8641676819005863, 4.786071221015018, 5.035004808436327, 20.27363675642408]"
3,"[0.015451783314347267, 0.0434030145406723, 0.17063844203948975, 0.30942675471305847, 0.0070979176089167595, 0.02576884813606739, 0.03470928966999054, 0.3172493875026703, 0.28699979186058044, 0.39509448409080505, 0.05007832869887352, 0.09140671044588089, 0.14146876335144043, 0.050586629658937454, 0.07132326811552048, 0.2118064910173416, 0.267189621925354, 0.01129007339477539, 0.017703458666801453, 0.01497394684702158, 0.04068221151828766, 0.05406796559691429]","[0.0054717715829610825, 0.00671541178599, 0.006638203747570515, 0.006517600268125534, 0.002385667059570551, 0.0028235309291630983, 0.011558381840586662, 0.003200177103281021, 0.011311887763440609, 0.02297692932188511, 0.0067155975848436356, 0.05163004994392395, 0.030473938211798668, 0.014194834977388382, 0.02133515477180481, 0.024784112349152565, 0.023588193580508232, 0.0035422625951468945, 0.005743476562201977, 0.006892561912536621, 0.011339548975229263, 0.005427097901701927]","[2.823908688451765, 6.463194800834353, 25.705514402437696, 47.475564929367756, 2.9752339415687246, 9.126462143520893, 3.002954059547562, 99.13494699321686, 25.371520462583423, 17.195269156983684, 7.457017497876108, 1.7704168511391887, 4.642286873728307, 3.5637349599005037, 3.342992768431978, 8.546059186363552, 11.327260860964882, 3.1872491356918164, 3.0823593471780737, 2.172479121266366, 3.5876392973967595, 9.962592637210154]"
4,"[0.14559783041477203, 0.014795114286243916, 0.1205395832657814, 0.14635874330997467, 0.014623559080064297, 0.10918493568897247, 0.07582374662160873, 0.20381325483322144, 0.10580326616764069, 0.1093122661113739, 0.04580708593130112, 0.027122873812913895, 0.0742669329047203, 0.19317179918289185, 0.061483725905418396, 0.2747877240180969, 0.26747772097587585, 0.013761804439127445, 0.07577918469905853, 0.04481588676571846, 0.036232154816389084, 0.288057804107666]","[0.02515522949397564, 0.008542384020984173, 0.0057194288820028305, 0.007874981500208378, 0.0035726148635149, 0.011368757113814354, 0.007060241885483265, 0.010316013358533382, 0.040507663041353226, 0.020544592291116714, 0.025757236406207085, 0.015159502625465393, 0.021598326042294502, 0.04133102297782898, 0.03679882362484932, 0.07143121212720871, 0.014699666760861874, 0.004793049767613411, 0.010200153104960918, 0.007377577479928732, 0.004957285244017839, 0.004593140445649624]","[5.787974641600502, 1.7319654852673507, 21.075458013837707, 18.585280905879195, 4.093236925537777, 9.60394655246, 10.739539501828087, 19.75697856814305, 2.611932119106177, 5.320731828717744, 1.7784161782302987, 1.7891664708941089, 3.438550411698042, 4.673772514329349, 1.6708068315504516, 3.846885917723747, 18.196175826790856, 2.8711999888079234, 7.429220318487452, 6.074607401636043, 7.3088702854272745, 62.714782514542726]"
5,"[0.1103944331407547, 0.08520632982254028, 0.04641708359122276, 0.028681127354502678, 0.06288942694664001, 0.03659503534436226, 0.05097142979502678, 0.2527029812335968, 0.1335139274597168, 0.18953189253807068, 0.06631194055080414, 0.052279919385910034, 0.020891297608613968, 0.27299222350120544, 0.048413485288619995, 0.25537556409835815, 0.17789538204669952, 0.02652193419635296, 0.06619488447904587, 0.0780320093035698, 0.013887157663702965, 0.17688193917274475]","[0.010992228984832764, 0.018537631258368492, 0.008582754991948605, 0.007363870739936829, 0.0064702872186899185, 0.005340155679732561, 0.005581431090831757, 0.010109126567840576, 0.019986361265182495, 0.029015282168984413, 0.014888938516378403, 0.01531955972313881, 0.018776342272758484, 0.0249004103243351, 0.014569795690476894, 0.02841445431113243, 0.07409991323947906, 0.005135639104992151, 0.013681630603969097, 0.005010976921766996, 0.002714813221246004, 0.01214038860052824]","[10.04295246151427, 4.596397923498201, 5.408179964914082, 3.894843943818156, 9.719727242552556, 6.852803090226569, 9.13232269027815, 24.997508888404095, 6.680251882182601, 6.53214025058384, 4.4537722066525065, 3.4126254494733255, 1.112639368474016, 10.963362448465796, 3.322866450369239, 8.987523086033898, 2.4007502069775724, 5.164290880675793, 4.838230646268323, 15.572214863854082, 5.115327107965552, 14.56970983326254]"
6,"[0.2734924256801605, 0.09120789170265198, 0.0681065022945404, 0.04746651649475098, 0.066659115254879, 0.11655528843402863, 0.07653818279504776, 0.2705553472042084, 0.17558184266090393, 0.17130671441555023, 0.037524543702602386, 0.0783645436167717, 0.08835538476705551, 0.09914961457252502, 0.06187674403190613, 0.27653372287750244, 0.5903005003929138, 0.010265500284731388, 0.0737004354596138, 0.014727064408361912, 0.021990224719047546, 0.2818869352340698]","[0.060617148876190186, 0.030164120718836784, 0.005092133302241564, 0.006633374374359846, 0.007040327414870262, 0.0055911969393491745, 0.00519184023141861, 0.016052905470132828, 0.013464435003697872, 0.021476130932569504, 0.01453082449734211, 0.024059278890490532, 0.014996175654232502, 0.04782109707593918, 0.06235603243112564, 0.06418181955814362, 0.13200312852859497, 0.008000875823199749, 0.011055240407586098, 0.0024195120204240084, 0.004293044097721577, 0.020690709352493286]","[4.511799560859677, 3.023721213451277, 13.374846700214983, 7.1557119824601685, 9.468183981626284, 20.846214093041027, 14.742014273065294, 16.853979966903132, 13.040416669001123, 7.976609704672456, 2.582409808160999, 3.2571443214678144, 5.891861152087679, 2.073344624760008, 0.9923136803203619, 4.3085989892665, 4.4718675002088375, 1.283047070292607, 6.6665610825650266, 6.086791172784114, 5.122291832669107, 13.623841040524871]"
7,"[0.1814449578523636, 0.0752703920006752, 0.08987567573785782, 0.3478163778781891, 0.012102127075195312, 0.17249533534049988, 0.09313993155956268, 0.23349666595458984, 0.0881747454404831, 0.10711269825696945, 0.03790409117937088, 0.0928339809179306, 0.0654095932841301, 0.1240735724568367, 0.06639701128005981, 0.20270879566669464, 0.15168435871601105, 0.06706010550260544, 0.09121782332658768, 0.043398912996053696, 0.018043288961052895, 0.3053690195083618]","[0.05438261106610298, 0.01180526614189148, 0.006239857990294695, 0.010915004648268223, 0.002348763169720769, 0.002417289884760976, 0.010679474100470543, 0.027504857629537582, 0.03403091803193092, 0.05320502445101738, 0.021373946219682693, 0.028428277000784874, 0.055000029504299164, 0.009965367615222931, 0.08844418078660965, 0.08719043433666229, 0.04448188841342926, 0.010427076369524002, 0.017283843830227852, 0.006041343789547682, 0.0028108065016567707, 0.003685691859573126]","[3.336451749839929, 6.3760012773939145, 14.40348095704229, 31.865893701966836, 5.15255315274467, 71.3589778486813, 8.721396829405569, 8.489288295891297, 2.5910187129759317, 2.0132064473644133, 1.7733782423605997, 3.2655507372243333, 1.189264694467432, 12.450476213973678, 0.7507222147294992, 2.324897188652478, 3.4100251613916854, 6.431343084683549, 5.277635242633708, 7.183652264772535, 6.419256875355048, 82.85256368223074]"
8,"[0.10175789147615433, 0.03832940012216568, 0.09250329434871674, 0.06599725037813187, 0.008191780187189579, 0.06365333497524261, 0.037532560527324677, 0.25778645277023315, 0.102688267827034, 0.10834372043609619, 0.03930218145251274, 0.049497317522764206, 0.020576687529683113, 0.09373410046100616, 0.04495832324028015, 0.3629917800426483, 0.09742207825183868, 0.2620001435279846, 0.13792181015014648, 0.01689404621720314, 0.018345363438129425, 0.2396872490644455]","[0.02489563450217247, 0.008593572303652763, 0.005972185172140598, 0.01036737859249115, 0.0016766556072980165, 0.004094261676073074, 0.004822961986064911, 0.017976075410842896, 0.04482094943523407, 0.019227951765060425, 0.017017986625432968, 0.01615891233086586, 0.0234299935400486, 0.01813971996307373, 0.036101359874010086, 0.09464546293020248, 0.013355216942727566, 0.03484976291656494, 0.025663549080491066, 0.005967878736555576, 0.004121935926377773, 0.011869068257510662]","[4.087378912446462, 4.460240604000443, 15.489019794669389, 6.365857076535445, 4.885785817631858, 15.546963045189232, 7.782056055131332, 14.340530225787788, 2.291077478745018, 5.634698992378906, 2.309449544035755, 3.0631589867727156, 0.8782199403730793, 5.167339994874053, 1.2453360038840622, 3.8352792495752412, 7.2946833188575635, 7.517989265959958, 5.3742297964154915, 2.8308293386929164, 4.450666814282761, 20.194276742218]"
9,"[0.007070776075124741, 0.005917093716561794, 0.072878398001194, 0.1396695226430893, 0.011607998982071877, 0.05638302117586136, 0.03556360304355621, 0.7484914064407349, 0.5537693500518799, 0.2232225090265274, 0.022479387000203133, 0.07835863530635834, 0.0545119047164917, 0.130427286028862, 0.05748017132282257, 0.32244259119033813, 0.1666153520345688, 0.033798590302467346, 0.030265865847468376, 0.14911913871765137, 0.10298514366149902, 0.13115186989307404]","[0.005258957855403423, 0.0072152139618992805, 0.007993246428668499, 0.012373215518891811, 0.004116208758205175, 0.00382798514328897, 0.0023642710875719786, 0.01958833448588848, 0.033301495015621185, 0.011811438016593456, 0.02450464479625225, 0.03932874649763107, 0.011269216425716877, 0.026371262967586517, 0.029868507757782936, 0.06994467973709106, 0.10541082173585892, 0.013360599987208843, 0.004818461369723082, 0.01624416932463646, 0.010274065658450127, 0.006643703673034906]","[1.3445203915942638, 0.8200856894622459, 9.117496708197192, 11.288053815100652, 2.820070522160156, 14.729164055066729, 15.042100387937644, 38.21107950652728, 16.628963648392233, 18.898842690697805, 0.9173520851704464, 1.992401037014444, 4.837240022482219, 4.945811134990879, 1.9244406780865968, 4.609965938829649, 1.5806285283694848, 2.5297209956757483, 6.28123036072151, 9.179856214099678, 10.02379652662592, 19.74077658300534]"
10,"[0.14374323189258575, 0.0153732905164361, 0.2037980556488037, 0.1250872164964676, 0.016646411269903183, 0.06198650971055031, 0.10648415982723236, 0.1299462765455246, 0.1529935747385025, 0.6529558897018433, 0.053955838084220886, 0.13049004971981049, 0.08581598103046417, 0.1294092833995819, 0.10121462494134903, 0.23078051209449768, 0.3367612361907959, 0.1477068066596985, 0.06878549605607986, 0.0825367197394371, 0.01056667696684599, 0.2352132350206375]","[0.015040656551718712, 0.009137345477938652, 0.009974140673875809, 0.008702637627720833, 0.002585106762126088, 0.010154111310839653, 0.005771413911134005, 0.027936534956097603, 0.01619488187134266, 0.016933944076299667, 0.02814248949289322, 0.04636421427130699, 0.039506714791059494, 0.01298384740948677, 0.05421901494264603, 0.0579046867787838, 0.10615390539169312, 0.05539301037788391, 0.009578420780599117, 0.039023809134960175, 0.004570349585264921, 0.007981421425938606]","[9.556978540019921, 1.682467906412602, 20.432643002779177, 14.373483287184412, 6.439351563264859, 6.104572602466831, 18.450272579100062, 4.651481536623486, 9.447032460868352, 38.558996460588546, 1.9172375669837693, 2.8144561871841254, 2.1721872214463307, 9.966944259143695, 1.8667735857690502, 3.9855238830003543, 3.172386686558482, 2.6665242717819786, 7.18129821519257, 2.115034938132042, 2.3120062852333185, 29.470093416722033]"
11,"[0.5852200388908386, 0.3328869342803955, 0.07210039347410202, 0.10632012784481049, 0.017017696052789688, 0.03118080273270607, 0.052737392485141754, 0.37685060501098633, 0.17988678812980652, 0.07684168964624405, 0.03238232061266899, 0.11276122182607651, 0.10373259335756302, 0.07936511933803558, 0.09874894469976425, 0.10451348125934601, 0.06665819138288498, 0.13960322737693787, 0.34355244040489197, 0.06476514041423798, 0.19323749840259552, 0.14305783808231354]","[0.11807362735271454, 0.02051500417292118, 0.003609446808695793, 0.01657450757920742, 0.003303414909169078, 0.0028846345376223326, 0.004851819481700659, 0.028461452573537827, 0.022423790767788887, 0.04066699370741844, 0.013396046124398708, 0.027661221101880074, 0.016786320134997368, 0.015210586600005627, 0.06426960974931717, 0.023325521498918533, 0.031123092398047447, 0.026150720193982124, 0.036685552448034286, 0.006852852646261454, 0.0142256710678339, 0.0036252550780773163]","[4.956399257072407, 16.22651067845213, 19.97546917727101, 6.414677922509637, 5.151546663289179, 10.809273176908894, 10.869611428052606, 13.240736889211515, 8.022139966994724, 1.8895345497896159, 2.4173043532367275, 4.07650918268436, 6.179591031466962, 5.217755332197788, 1.5364796065346173, 4.4806492864132395, 2.141759903879824, 5.338408515764844, 9.364788519718761, 9.450829276122017, 13.583717596249693, 39.46145443596908]"
12,"[0.17857272922992706, 0.18462859094142914, 0.015538716688752174, 0.0340832844376564, 0.03076278232038021, 0.02009357139468193, 0.021364733576774597, 0.30631402134895325, 0.1084991842508316, 0.1082550510764122, 0.016094179823994637, 0.03137483075261116, 0.041660912334918976, 0.14982089400291443, 0.03891890123486519, 0.08524838835000992, 0.03410189598798752, 0.22595128417015076, 0.4777182936668396, 0.07664428651332855, 0.08269953727722168, 0.277330219745636]","[0.039752036333084106, 0.04258399084210396, 0.0031399924773722887, 0.0076965996995568275, 0.006363874766975641, 0.004552883096039295, 0.004142541904002428, 0.004874334204941988, 0.02793002314865589, 0.04077555611729622, 0.011015632189810276, 0.01769287697970867, 0.013369997963309288, 0.03450046852231026, 0.015107820741832256, 0.006959889084100723, 0.0185255017131567, 0.06649752706289291, 0.0738973394036293, 0.011299447156488895, 0.011172149330377579, 0.005257083103060722]","[4.492165576969645, 4.335633821311125, 4.94864774381746, 4.428356127137407, 4.833970410608798, 4.413373014598595, 5.15739709383084, 62.84222797821038, 3.884679352872396, 2.6549006656096212, 1.461030973681396, 1.7733029392898527, 3.1159999013647743, 4.342575635053491, 2.576076450728734, 12.248526854365055, 1.8408082283552167, 3.3978900291502203, 6.4646210204880195, 6.783012075888536, 7.402294297334346, 52.75363054165375]"
13,"[0.06314491480588913, 0.03350021690130234, 0.0962996706366539, 0.011279985308647156, 0.03902292624115944, 0.049873240292072296, 0.022450508549809456, 0.1782209277153015, 0.2663912773132324, 0.11223889142274857, 0.08794127404689789, 0.16764089465141296, 0.05733613669872284, 0.16903743147850037, 0.03636511042714119, 0.14974671602249146, 0.11693760007619858, 0.23205529153347015, 0.19115006923675537, 0.1068980023264885, 0.16002990305423737, 0.28196483850479126]","[0.015039782971143723, 0.01163005456328392, 0.01599619910120964, 0.012291363440454006, 0.0034930636174976826, 0.0038487010169774294, 0.008971198461949825, 0.005375664681196213, 0.01879129558801651, 0.021390210837125778, 0.02690138667821884, 0.028850289061665535, 0.01534168142825365, 0.04488970339298248, 0.03360743820667267, 0.05014609172940254, 0.06680876761674881, 0.07673442363739014, 0.03305197134613991, 0.014064799062907696, 0.010197604075074196, 0.0033898998517543077]","[4.198525665366511, 2.880486649397374, 6.020159540860658, 0.9177163594009312, 11.17154753371317, 12.958460548655493, 2.5025094077486276, 33.15328211201654, 14.176312434950686, 5.247208280338307, 3.2690238276118686, 5.810718024110328, 3.7372785353977616, 3.76561702800036, 1.0820554129567959, 2.9862091113810436, 1.7503331411083023, 3.0241354601169808, 5.783318254603277, 7.600393140944657, 15.692892357470058, 83.17792584901044]"
14,"[0.17134511470794678, 0.5042313933372498, 0.02168271876871586, 0.01935666613280773, 0.05831235647201538, 0.00940834078937769, 0.011492248624563217, 0.24838875234127045, 0.13802601397037506, 0.07290208339691162, 0.05055105686187744, 0.022270847111940384, 0.07686948031187057, 0.10058148950338364, 0.015349912457168102, 0.06358355283737183, 0.018567461520433426, 0.20080634951591492, 0.3073791265487671, 0.017345990985631943, 0.013805738650262356, 0.012615028768777847]","[0.05113910511136055, 0.09364154189825058, 0.01260305754840374, 0.0051233419217169285, 0.005436662118881941, 0.005624548066407442, 0.009051017463207245, 0.007284147664904594, 0.053544655442237854, 0.05145598202943802, 0.021028421819210052, 0.04703425243496895, 0.01858496107161045, 0.030330097302794456, 0.028296085074543953, 0.055619608610868454, 0.027205755934119225, 0.05751890316605568, 0.039466045796871185, 0.0035947237629443407, 0.006384307984262705, 0.004945665597915649]","[3.3505692822513327, 5.384697679211002, 1.7204332111823228, 3.7781327946819814, 10.725764301131044, 1.672728311376502, 1.2697189759360952, 34.09990623035012, 2.577773875476196, 1.4167853866865132, 2.403939643996376, 0.47350273383706404, 4.136111989456515, 3.31622706314617, 0.5424747775789438, 1.1431859091677816, 0.6824828380213336, 3.4911366257487884, 7.788444987137163, 4.825403043327121, 2.1624487233845, 2.5507241682685646]"
15,"[0.19271649420261383, 0.056262239813804626, 0.26800546050071716, 0.15782971680164337, 0.0059699565172195435, 0.059241220355033875, 0.06083005294203758, 0.27253055572509766, 0.3138962984085083, 0.13533428311347961, 0.06666913628578186, 0.014400238171219826, 0.016799693927168846, 0.15985046327114105, 0.027203191071748734, 0.17003290355205536, 0.14497433602809906, 0.23552320897579193, 0.29902878403663635, 0.0798252746462822, 0.052533410489559174, 0.02906186319887638]","[0.060796771198511124, 0.019142596051096916, 0.08898989856243134, 0.02146339975297451, 0.0013992763124406338, 0.00854214746505022, 0.01878686249256134, 0.007003727834671736, 0.019025903195142746, 0.025353077799081802, 0.01790095679461956, 0.014132555574178696, 0.013063282705843449, 0.02085607498884201, 0.021534012630581856, 0.07018668949604034, 0.02268950082361698, 0.05680978298187256, 0.06896743923425674, 0.006788584403693676, 0.007897508330643177, 0.005058563780039549]","[3.1698475166282076, 2.9391123159902164, 3.01163912792525, 7.353435085686764, 4.266460072354599, 6.935167134191541, 3.2379037727094264, 38.91221391784296, 16.49836515980198, 5.3379824014258705, 3.7243336795170867, 1.018940848711765, 1.2860239118651264, 7.664455721254405, 1.263266235532699, 2.4225804746304203, 6.389489885877022, 4.145821311286211, 4.335796534665391, 11.758751147418772, 6.651896812279883, 5.745081897267127]"
16,"[0.05225158482789993, 0.09855877608060837, 0.12198181450366974, 0.28176149725914, 0.014452299103140831, 0.011699624359607697, 0.04545031487941742, 0.06147691607475281, 0.27360957860946655, 0.33294278383255005, 0.07165153324604034, 0.08465175330638885, 0.04179755970835686, 0.04425720125436783, 0.06410001218318939, 0.04618363827466965, 0.044077057391405106, 0.08849997073411942, 0.07577434182167053, 0.1500415951013565, 0.09582257270812988, 0.08263886719942093]","[0.018850067630410194, 0.019457586109638214, 0.029055342078208923, 0.05837254971265793, 0.0030902239959686995, 0.002112674992531538, 0.008774802088737488, 0.0038322212640196085, 0.048909854143857956, 0.021528923884034157, 0.02616863325238228, 0.042972393333911896, 0.036452341824769974, 0.01748519577085972, 0.02192763052880764, 0.03871771693229675, 0.029458733275532722, 0.016601188108325005, 0.044914692640304565, 0.04113920032978058, 0.03870188817381859, 0.006018575746566057]","[2.771957419590589, 5.065313627561838, 4.198257730896044, 4.826952028755406, 4.676780428213081, 5.537824985370079, 5.1796398847277905, 16.04211026434048, 5.594160591947423, 15.464905985359552, 2.738069373169021, 1.9699101385536621, 1.146635788429777, 2.53112414835672, 2.9232530208395007, 1.1928295863991176, 1.4962305737705903, 5.330941987805035, 1.6870724782311837, 3.647168488900882, 2.4759146705651642, 13.730635067037436]"
17,"[0.19875095784664154, 0.20017458498477936, 0.10354052484035492, 0.29216432571411133, 0.3907461166381836, 0.005559141747653484, 0.012930731289088726, 0.01402151957154274, 0.14308558404445648, 0.10529404133558273, 0.09144360572099686, 0.19596871733665466, 0.06150059029459953, 0.03302143141627312, 0.03271506726741791, 0.1518680900335312, 0.06677205115556717, 0.18663905560970306, 0.39040708541870117, 0.17742662131786346, 0.24260346591472626, 0.008784642443060875]","[0.06258916854858398, 0.08287858217954636, 0.05185317248106003, 0.02780868113040924, 0.04659729078412056, 0.002304133726283908, 0.009578396566212177, 0.002745935693383217, 0.007858234457671642, 0.010736876167356968, 0.018842175602912903, 0.034518614411354065, 0.01330567803233862, 0.018460841849446297, 0.0491519533097744, 0.019331367686390877, 0.03547777608036995, 0.037810586392879486, 0.06514399498701096, 0.06259176135063171, 0.030626947060227394, 0.0010871138656511903]","[3.1754848715135724, 2.415275210079312, 1.996802121956459, 10.506227330379394, 8.38559731827461, 2.4126819048038644, 1.3499891343716044, 5.106281114058823, 18.208362809125457, 9.806766856053098, 4.853134141625352, 5.677189559271403, 4.622131254425832, 1.788728362746011, 0.665590379719704, 7.856044771237013, 1.882081080964726, 4.936158716778088, 5.992986544600839, 2.8346641393256267, 7.921242213193842, 8.080701314391572]"
18,"[0.03100498393177986, 0.02639065869152546, 0.0640660971403122, 0.020791370421648026, 0.08472242206335068, 0.06621373444795609, 0.037909384816884995, 0.13611486554145813, 0.07753030210733414, 0.6047685146331787, 0.03623860329389572, 0.0760827511548996, 0.07006121426820755, 0.08180241286754608, 0.17330977320671082, 0.3549513816833496, 0.12317445129156113, 0.12987081706523895, 0.0420663058757782, 0.03133975341916084, 0.013942000456154346, 0.3131398856639862]","[0.012692397460341454, 0.0052956040017306805, 0.0074479361064732075, 0.02381538599729538, 0.00946714449673891, 0.006361138541251421, 0.0038369169924408197, 0.049687549471855164, 0.012006871402263641, 0.02288604900240898, 0.011678587645292282, 0.03649439662694931, 0.024846136569976807, 0.030913397669792175, 0.03873049095273018, 0.08476938307285309, 0.06218152120709419, 0.02562950737774372, 0.008067392744123936, 0.006959571503102779, 0.00515713170170784, 0.007056099362671375]","[2.4427996388119535, 4.9835030494917305, 8.601859122372247, 0.8730226091657394, 8.9490999205235, 10.409101141024657, 9.88016808588014, 2.7394159500371122, 6.457161029701496, 26.42520404328073, 3.1029953616440724, 2.084778984911789, 2.8198031541397484, 2.646179942474632, 4.474763137349125, 4.187259229883682, 1.980885139193223, 5.067238131077651, 5.21436196426883, 4.503115372144488, 2.703440839321071, 44.378610556503595]"
19,"[0.6702571511268616, 0.42138028144836426, 0.12918242812156677, 0.16096222400665283, 0.14967133104801178, 0.07899534702301025, 0.10058844834566116, 0.11214000731706619, 0.09081682562828064, 0.29063349962234497, 0.06384222954511642, 0.0900954082608223, 0.04831964522600174, 0.08547329902648926, 0.0699075311422348, 0.11210031062364578, 0.08619482815265656, 0.1974627673625946, 0.2598005533218384, 0.21779286861419678, 0.07756021618843079, 0.018422214314341545]","[0.027197357267141342, 0.03201056644320488, 0.027527565136551857, 0.03002338483929634, 0.0037804560270160437, 0.008788704872131348, 0.005757374223321676, 0.004045144189149141, 0.028056401759386063, 0.029576335102319717, 0.030629685148596764, 0.011953047476708889, 0.024912795051932335, 0.011352915316820145, 0.01838788390159607, 0.020215241238474846, 0.01735147088766098, 0.04559054970741272, 0.010189097374677658, 0.050940368324518204, 0.0031331959180533886, 0.003589081345126033]","[24.644201439992, 13.163787094989498, 4.6928388864307795, 5.3612284180555205, 39.59081390668867, 8.988280773143439, 17.471236790237228, 27.722128575261937, 3.236937737316887, 9.82655554235826, 2.084325360688248, 7.537442517180469, 1.939551348023227, 7.528753332622374, 3.8018257846497945, 5.545336278762274, 4.967580484139337, 4.3312214621199985, 25.497896797758045, 4.27544746490124, 24.75434611079727, 5.132849479535727]"
20,"[0.06946053355932236, 0.36422839760780334, 0.0309060700237751, 0.03652539476752281, 0.031435269862413406, 0.06546753644943237, 0.09027554839849472, 0.35742026567459106, 0.13952921330928802, 0.16396890580654144, 0.03490450978279114, 0.052761998027563095, 0.048338375985622406, 0.1911163032054901, 0.0842214971780777, 0.13935112953186035, 0.10590826719999313, 0.12319919466972351, 0.23294541239738464, 0.1290430873632431, 0.1392822265625, 0.07834558933973312]","[0.009002960287034512, 0.0625627189874649, 0.007095159962773323, 0.0055341268889606, 0.006332571618258953, 0.006246054545044899, 0.004957631230354309, 0.02366708219051361, 0.025113673880696297, 0.010182062163949013, 0.023130863904953003, 0.02204059809446335, 0.025905804708600044, 0.04540828615427017, 0.016875337809324265, 0.06447426229715347, 0.10511001944541931, 0.07997732609510422, 0.050327837467193604, 0.007456569001078606, 0.008710935711860657, 0.00959054846316576]","[7.715299339857689, 5.821812151111596, 4.355937031149708, 6.600028423703686, 4.964060694043295, 10.481422468743709, 18.209411754097523, 15.101999595786864, 5.5559060761929215, 16.103703077662974, 1.5090015628563294, 2.393855094196243, 1.8659283712416523, 4.208842028439288, 4.990803628923039, 2.1613450789031003, 1.0075944021206116, 1.5404265269286754, 4.62855994059413, 17.30596033438124, 15.989353058002227, 8.16904159763475]"
21,"[0.08619088679552078, 0.07191376388072968, 0.05506845936179161, 0.33660560846328735, 0.043390609323978424, 0.09810785204172134, 0.07667255401611328, 0.1799435317516327, 0.05436764657497406, 0.18926483392715454, 0.09832597523927689, 0.15626148879528046, 0.05101063475012779, 0.18057486414909363, 0.07838039100170135, 0.06557869166135788, 0.15236376225948334, 0.20205871760845184, 0.4305666387081146, 0.056609198451042175, 0.12225662171840668, 0.0717521607875824]","[0.053218670189380646, 0.034942518919706345, 0.012015595100820065, 0.02485821768641472, 0.011224882677197456, 0.003651058068498969, 0.006844584830105305, 0.003855298273265362, 0.020408030599355698, 0.017058368772268295, 0.03140059486031532, 0.045399170368909836, 0.01757320761680603, 0.032861195504665375, 0.03000655770301819, 0.02709033526480198, 0.04025695100426674, 0.03655165806412697, 0.04884883388876915, 0.007778688333928585, 0.008348275907337666, 0.008438220247626305]","[1.6195610767575976, 2.058058952360554, 4.583082144473493, 13.541019421004021, 3.865573527296043, 26.871074138258134, 11.201929104432425, 46.67434761130014, 2.664032000064254, 11.095130868248166, 3.1313411633339197, 3.4419459105863117, 2.9027503608017513, 5.495078963985258, 2.612108718949042, 2.420741235586079, 3.7847814714863692, 5.528031512386003, 8.81426647130478, 7.277473530354443, 14.644535359804049, 8.50323393819526]"
22,"[0.23254187405109406, 0.11529857665300369, 0.007279715035110712, 0.009491827338933945, 0.18183083832263947, 0.015460873953998089, 0.007111721206456423, 0.4575505554676056, 0.10006453841924667, 0.10508545488119125, 0.04435141012072563, 0.021051105111837387, 0.02375069633126259, 0.14675571024417877, 0.06382811069488525, 0.2810675799846649, 0.11498338729143143, 0.14158234000205994, 0.18045024573802948, 0.06334593892097473, 0.04468313977122307, 0.03693816810846329]","[0.10067091882228851, 0.02557281218469143, 0.004684510175138712, 0.003338304115459323, 0.02140396274626255, 0.004975663032382727, 0.006664820946753025, 0.01062903180718422, 0.03746466338634491, 0.020431935787200928, 0.016615556553006172, 0.033831361681222916, 0.017905792221426964, 0.05293872579932213, 0.02527816966176033, 0.10139741003513336, 0.03587277978658676, 0.017906351014971733, 0.0217268243432045, 0.0020654737018048763, 0.0034743649885058403, 0.004540617577731609]","[2.3099210454370995, 4.508638933422603, 1.5539970590191223, 2.8433081620629843, 8.495195047673583, 3.107299238990918, 1.0670536032811382, 43.047246801759, 2.6709045104010762, 5.143196218687188, 2.669270209471337, 0.6222364121844133, 1.326425328606311, 2.77218063012121, 2.5250289696188535, 2.7719404261635217, 3.2053102094537156, 7.906822550483965, 8.305412833811994, 30.66896415365688, 12.860807635077848, 8.135053762205795]"
23,"[0.5116237998008728, 0.2701405882835388, 0.07974531501531601, 0.03498261421918869, 0.030929312109947205, 0.05178704485297203, 0.023131735622882843, 0.47901996970176697, 0.12932652235031128, 0.13055630028247833, 0.04354996606707573, 0.048429735004901886, 0.07098820805549622, 0.06989823281764984, 0.06953230500221252, 0.10594705492258072, 0.3694496750831604, 0.0607987642288208, 0.06067541241645813, 0.09763739258050919, 0.04177718237042427, 0.4476446807384491]","[0.06453005969524384, 0.07808206975460052, 0.010617418214678764, 0.006796747446060181, 0.00413992116227746, 0.007651627529412508, 0.0030080098658800125, 0.02744933031499386, 0.03433261811733246, 0.03647186979651451, 0.02566426433622837, 0.022982746362686157, 0.02390257455408573, 0.016048012301325798, 0.029348405078053474, 0.026113547384738922, 0.05306109040975571, 0.011067070998251438, 0.014069948345422745, 0.020287582650780678, 0.006640404462814331, 0.01248485129326582]","[7.928456942657715, 3.4597006602482177, 7.5108009690215205, 5.146963970165877, 7.470990605273343, 6.768108438878524, 7.690046460707171, 17.451062164533326, 3.7668703828043384, 3.579643736690328, 1.6969107509385888, 2.107221401682891, 2.969897987133859, 4.355569493916405, 2.3692021701788586, 4.05716823385311, 6.962723009085281, 5.493663521127389, 4.312411881469141, 4.812667643118735, 6.29136110674775, 35.85502704224465]"
24,"[0.0616644024848938, 0.14435763657093048, 0.02037709578871727, 0.04439342021942139, 0.04687250778079033, 0.016165250912308693, 0.12767653167247772, 0.1394273191690445, 0.1209612712264061, 0.0888066291809082, 0.07805699855089188, 0.09296375513076782, 0.03438356891274452, 0.06466079503297806, 0.09528300911188126, 0.06740428507328033, 0.05925460532307625, 0.1261570006608963, 0.2710660994052887, 0.022367125377058983, 0.13464316725730896, 0.07035406678915024]","[0.03961094468832016, 0.04574029892683029, 0.010983830317854881, 0.008884454146027565, 0.00259410054422915, 0.003828358603641391, 0.0048440988175570965, 0.0023376191966235638, 0.01907881163060665, 0.024286173284053802, 0.027740372344851494, 0.014999832026660442, 0.028332091867923737, 0.017823079600930214, 0.018782595172524452, 0.01895001158118248, 0.03195168450474739, 0.027941638603806496, 0.03430287539958954, 0.010001369751989841, 0.014119136147201061, 0.00448594568297267]","[1.556751624332666, 3.1560273972379607, 1.8551903296970154, 4.996752697437317, 18.068886298591302, 4.222501752300037, 26.357127812860277, 59.64500949103775, 6.340084150333418, 3.656674443611018, 2.8138410537729843, 6.197653078083518, 1.21359090154836, 3.627924942309258, 5.07294163754661, 3.5569521836183653, 1.8545064600356886, 4.515017979071202, 7.902139288548744, 2.2364062055208875, 9.53621849478378, 15.683218603424821]"
25,"[0.18059945106506348, 0.28070133924484253, 0.014214135706424713, 0.0524880588054657, 0.013959340751171112, 0.06731810420751572, 0.030804965645074844, 0.5056151747703552, 0.19544504582881927, 0.28404226899147034, 0.05286756902933121, 0.1168864294886589, 0.059735070914030075, 0.051561277359724045, 0.03166992962360382, 0.04730037972331047, 0.06898701936006546, 0.1310197412967682, 0.12311314046382904, 0.05997380614280701, 0.10103253275156021, 0.031303927302360535]","[0.029308073222637177, 0.05035031586885452, 0.009104126133024693, 0.008440271019935608, 0.0038945612031966448, 0.010396414436399937, 0.009356365539133549, 0.005865538027137518, 0.022394800558686256, 0.02549593895673752, 0.025954576209187508, 0.010646539740264416, 0.014839678071439266, 0.008409780450165272, 0.021729545667767525, 0.021235868334770203, 0.02613081783056259, 0.02683837153017521, 0.03758010268211365, 0.013151212595403194, 0.010746337473392487, 0.003998186904937029]","[6.162105904852551, 5.574966798142324, 1.561285015028928, 6.21876462041217, 3.5843166977869867, 6.475127037242908, 3.292407240421643, 86.20098828633867, 8.727251011530537, 11.140686737344488, 2.0369266908167405, 10.978818690414801, 4.025361643727121, 6.131108613984179, 1.457459355470158, 2.2273814744774985, 2.6400635375207537, 4.881806675545073, 3.276019267569087, 4.560325194938293, 9.401578258798668, 7.829530746475587]"
26,"[0.2220156341791153, 0.07999023050069809, 0.06508096307516098, 0.06670673191547394, 0.02087753266096115, 0.0223641786724329, 0.05959748476743698, 0.19354459643363953, 0.1580456793308258, 0.21387390792369843, 0.0616321824491024, 0.14112719893455505, 0.09760000556707382, 0.08009776473045349, 0.03514431416988373, 0.09255016595125198, 0.03372550755739212, 0.09241324663162231, 0.24383622407913208, 0.011798850260674953, 0.03722057864069939, 0.03455502167344093]","[0.028155215084552765, 0.03331747651100159, 0.01840040273964405, 0.007749421056360006, 0.0019516194006428123, 0.003139312844723463, 0.006129519548267126, 0.00968574546277523, 0.026614857837557793, 0.01736893504858017, 0.04219082370400429, 0.015071249566972256, 0.028672054409980774, 0.025020979344844818, 0.028775526210665703, 0.04084178805351257, 0.029903490096330643, 0.05283964425325394, 0.05721661448478699, 0.0030846106819808483, 0.0043391757644712925, 0.011227224953472614]","[7.885417799593482, 2.400849010106901, 3.5369314463396333, 8.60796328271868, 10.697543103990789, 7.1239088866286355, 9.723027114626914, 19.982416136938593, 5.938249991619276, 12.313587869693924, 1.4607959039029843, 9.364001193625437, 3.404011591617905, 3.201224205756614, 1.2213265506455768, 2.2660654775934144, 1.127811752031261, 1.7489377140522928, 4.261633203480859, 3.825069507020598, 8.577799255208214, 3.0777883062504205]"
27,"[0.10873996466398239, 0.32399052381515503, 0.08159594982862473, 0.15491659939289093, 0.09126436710357666, 0.02981770783662796, 0.050490107387304306, 0.43101629614830017, 0.20187115669250488, 0.09431948512792587, 0.016654061153531075, 0.031747471541166306, 0.010112415067851543, 0.05833948031067848, 0.07632626593112946, 0.249860018491745, 0.16806702315807343, 0.09329494833946228, 0.1153586134314537, 0.016064049676060677, 0.015434257686138153, 0.5166937708854675]","[0.030044034123420715, 0.037589989602565765, 0.011134052649140358, 0.011957447044551373, 0.0071452646516263485, 0.002425429178401828, 0.0031082036439329386, 0.01238863356411457, 0.010330782271921635, 0.024814220145344734, 0.01170810591429472, 0.012705160304903984, 0.018450578674674034, 0.04010869935154915, 0.022981001064181328, 0.07288724184036255, 0.035630568861961365, 0.013107114471495152, 0.013386119157075882, 0.003258112818002701, 0.004164915531873703, 0.01205502264201641]","[3.6193529875941177, 8.619063938050159, 7.3285040407029705, 12.95565841234325, 12.77270633814855, 12.293786230557162, 16.24414394013678, 34.79127007168893, 19.54074254775236, 3.801025564191291, 1.4224385460331133, 2.4987855941425865, 0.5480811873793546, 1.4545343342933705, 3.3212768111347937, 3.4280350330581553, 4.716933479484778, 7.117886132936166, 8.617778766034315, 4.930476804639415, 3.7057792812414188, 42.86128580833935]"
28,"[0.3423781394958496, 0.34502148628234863, 0.2295287400484085, 0.12435717135667801, 0.02355341799557209, 0.05584145709872246, 0.13008832931518555, 0.0841570794582367, 0.3257741332054138, 0.302638977766037, 0.061982303857803345, 0.036215122789144516, 0.0371665395796299, 0.2109021246433258, 0.09502125531435013, 0.09581069648265839, 0.15933088958263397, 0.3264143168926239, 0.3593650758266449, 0.05948993191123009, 0.04828517884016037, 0.015864146873354912]","[0.06844040751457214, 0.06367066502571106, 0.04041706770658493, 0.028291599825024605, 0.0034097672905772924, 0.00521409697830677, 0.011096793226897717, 0.005984779447317123, 0.023827021941542625, 0.014760087244212627, 0.005226815119385719, 0.02387913316488266, 0.03694611415266991, 0.02610100619494915, 0.0258889589458704, 0.04134165495634079, 0.03857250139117241, 0.04490284249186516, 0.037023577839136124, 0.027993524447083473, 0.015601660124957561, 0.0025943394284695387]","[5.0025730694685215, 5.4188453370641625, 5.679005258736587, 4.3955510514001075, 6.907632101657109, 10.709708187448491, 11.723056080729892, 14.06185143480315, 13.672465405230676, 20.503874588187177, 11.858522339525146, 1.5166012325105467, 1.0059661328942238, 8.0802296688523, 3.670338985550717, 2.3175341331603705, 4.1306859507716025, 7.269346410569863, 9.706384331305081, 2.1251319041189216, 3.0948744206342407, 6.114907979760205]"
29,"[0.05054778605699539, 0.060063306242227554, 0.06585889309644699, 0.13547559082508087, 0.11045656353235245, 0.025139790028333664, 0.014000937342643738, 0.0463329516351223, 0.06958615779876709, 0.037424106150865555, 0.10101958364248276, 0.14062757790088654, 0.12282408773899078, 0.06052877753973007, 0.1347678154706955, 0.3809870183467865, 0.08613509684801102, 0.05748843029141426, 0.06218560039997101, 0.06814375519752502, 0.09125316888093948, 0.010583057068288326]","[0.027757316827774048, 0.02101939730346203, 0.03295879438519478, 0.09109873324632645, 0.018582278862595558, 0.012202651239931583, 0.006600640714168549, 0.003028007224202156, 0.0036037599202245474, 0.00302807055413723, 0.0234972070902586, 0.03750572353601456, 0.033174049109220505, 0.049343373626470566, 0.0730835497379303, 0.027043139562010765, 0.04969624802470207, 0.057552874088287354, 0.05478079989552498, 0.06146230921149254, 0.09211721271276474, 0.0020194987300783396]","[1.821061681524532, 2.8575180046829765, 1.9982191195085421, 1.4871292497422726, 5.9441882424168915, 2.060190817063343, 2.1211482262002455, 15.301466675770723, 19.30932119208186, 12.359060161175334, 4.299216636872693, 3.7494964672751903, 3.7024147198495783, 1.226685025590934, 1.8440239418303888, 14.088120851248478, 1.733231386103768, 0.9988802679641292, 1.135171456396549, 1.1087080207650766, 0.990620169603704, 5.240437595064886]"
30,"[0.06652014702558517, 0.14213252067565918, 0.013050989247858524, 0.07612749189138412, 0.04046285152435303, 0.012969769537448883, 0.012853666208684444, 0.38907161355018616, 0.3329329490661621, 0.6671792268753052, 0.041241612285375595, 0.09848349541425705, 0.09950530529022217, 0.08168758451938629, 0.07084883004426956, 0.13592331111431122, 0.06176884472370148, 0.2634998559951782, 0.22531594336032867, 0.06188670173287392, 0.041292455047369, 0.095830537378788]","[0.01347291562706232, 0.01565859280526638, 0.004301061853766441, 0.0076322853565216064, 0.00223426497541368, 0.0023915134370326996, 0.006505624856799841, 0.00793057307600975, 0.01640392653644085, 0.017169682309031487, 0.035636600106954575, 0.03598932921886444, 0.01943131349980831, 0.03309163823723793, 0.05169403553009033, 0.02738238498568535, 0.031111298128962517, 0.036407820880413055, 0.05304181948304176, 0.01688111573457718, 0.00678757531568408, 0.006046160589903593]","[4.9373238033176525, 9.076966394314592, 3.034364464307754, 9.974403253454746, 18.110140010077014, 5.423247612416215, 1.9757773452383245, 49.059709786565215, 20.29593026563251, 38.85798320941325, 1.1572824613346655, 2.736463767227848, 5.120873856067619, 2.4685264577642902, 1.3705416750261161, 4.963895993185679, 1.9854152169304327, 7.237451998587968, 4.247892428206868, 3.666031481918751, 6.083535449242728, 15.849816747972952]"
31,"[0.18974125385284424, 0.0936598852276802, 0.04997516795992851, 0.04756738245487213, 0.1526096761226654, 0.032168831676244736, 0.015444306656718254, 0.1420401632785797, 0.292551726102829, 0.44611287117004395, 0.01966278813779354, 0.03834952041506767, 0.08092282712459564, 0.09592914581298828, 0.12548209726810455, 0.1825273483991623, 0.22784362733364105, 0.21237336099147797, 0.4226905107498169, 0.15143336355686188, 0.15236037969589233, 0.5336273908615112]","[0.04726704955101013, 0.03659598156809807, 0.006090488284826279, 0.008352515287697315, 0.006660509388893843, 0.003118061227723956, 0.007416169624775648, 0.010288124904036522, 0.011107921600341797, 0.020284336060285568, 0.0133737837895751, 0.011457804590463638, 0.025245800614356995, 0.04838243126869202, 0.06400272250175476, 0.043072883039712906, 0.06547152251005173, 0.09101732820272446, 0.05095384269952774, 0.012421355582773685, 0.02113838866353035, 0.011735859327018261]","[4.0142394258832965, 2.5592942507470995, 8.205445216015873, 5.694976999914701, 22.912613317104018, 10.316933930039125, 2.0825179894918424, 13.806224613666052, 26.33721560420691, 21.99297378253767, 1.470248693052802, 3.34702168397828, 3.2053975376235746, 1.9827268555448445, 1.9605743687647696, 4.2376394501123436, 3.4800416822239106, 2.3333288856651024, 8.295557083739526, 12.191371750670617, 7.207757512698057, 45.46981827167916]"
32,"[0.11325093358755112, 0.057303205132484436, 0.0383046492934227, 0.040953297168016434, 0.04753837734460831, 0.10242331773042679, 0.12048203498125076, 0.38937002420425415, 0.30090653896331787, 0.17391091585159302, 0.08983328193426132, 0.060115747153759, 0.061548586934804916, 0.07722227275371552, 0.07603753358125687, 0.11823687702417374, 0.08189508318901062, 0.17427529394626617, 0.08841396868228912, 0.0723615288734436, 0.08394548296928406, 0.14177770912647247]","[0.027073606848716736, 0.02317834459245205, 0.00721028633415699, 0.007930556312203407, 0.0042984941974282265, 0.003935026936233044, 0.006559872999787331, 0.00806119292974472, 0.03140290081501007, 0.037009838968515396, 0.019643211737275124, 0.03686909377574921, 0.010805634781718254, 0.029296750202775, 0.021218834444880486, 0.03406539931893349, 0.02528112381696701, 0.08243045955896378, 0.03656535595655441, 0.013551237992942333, 0.0050364830531179905, 0.006352915428578854]","[4.183075207539963, 2.472273414691791, 5.3125004359346555, 5.163987941804056, 11.059309414224717, 26.028619216638823, 18.366519441025268, 48.3017870428992, 9.582125572918075, 4.699045461925425, 4.573248160014125, 1.6305187081462895, 5.695971423996045, 2.635864804772817, 3.5834924759310995, 3.4708789383971173, 3.239376689973255, 2.114209903459344, 2.417970955549819, 5.339846360246234, 16.667480478727118, 22.31695207033287]"
33,"[0.13347184658050537, 0.14471448957920074, 0.0794280394911766, 0.1801615208387375, 0.022894825786352158, 0.07263221591711044, 0.1215190589427948, 0.08803634345531464, 0.2711641788482666, 0.16919679939746857, 0.05209686607122421, 0.08607110381126404, 0.10847411304712296, 0.11382029205560684, 0.09136597067117691, 0.041046902537345886, 0.11230221390724182, 0.11191986501216888, 0.1549035906791687, 0.10716796666383743, 0.1534879207611084, 0.2833768427371979]","[0.0753147304058075, 0.04138634353876114, 0.022579533979296684, 0.03316317871212959, 0.005926515441387892, 0.005436454899609089, 0.01154235377907753, 0.005042520817369223, 0.01882351003587246, 0.014955869875848293, 0.021860016509890556, 0.0228725653141737, 0.016151631250977516, 0.0422542579472065, 0.019801633432507515, 0.013550102710723877, 0.027880830690264702, 0.1046980619430542, 0.05843976140022278, 0.04719535633921623, 0.0507170595228672, 0.012904457747936249]","[1.7721878025897229, 3.496672506080798, 3.5177005674255577, 5.432576967443792, 3.863117545677156, 13.360216769632927, 10.528100357057905, 17.458796233833862, 14.405611829648237, 11.313069771401162, 2.383203418334703, 3.763071724968576, 6.715984990095534, 2.693699939017192, 4.614062318777461, 3.0292687379307006, 4.027936439729358, 1.0689774283791678, 2.6506540575742012, 2.270731168837217, 3.026356855170282, 21.959608708278893]"
34,"[0.11547204107046127, 0.06679879128932953, 0.209757462143898, 0.045200999826192856, 0.3110831677913666, 0.04778318852186203, 0.02461431547999382, 0.07975481450557709, 0.30097806453704834, 0.2462989240884781, 0.06306812167167664, 0.09145841747522354, 0.08114246279001236, 0.052198559045791626, 0.11633653193712234, 0.0949968546628952, 0.02048293501138687, 0.03278616815805435, 0.02280517667531967, 0.11088921874761581, 0.20246616005897522, 0.026961032301187515]","[0.02375219576060772, 0.030361467972397804, 0.07915621995925903, 0.02623983472585678, 0.05973507836461067, 0.006342799868434668, 0.007429278921335936, 0.00681224325671792, 0.012385601177811623, 0.02206214889883995, 0.014128625392913818, 0.022735217586159706, 0.01113514881581068, 0.008318948559463024, 0.050289399921894073, 0.01604466326534748, 0.04126903787255287, 0.010824056342244148, 0.028603194281458855, 0.07006676495075226, 0.17525207996368408, 0.004443213809281588]","[4.861531213125486, 2.2001173115231976, 2.6499176217845952, 1.7226099286994254, 5.207713395679816, 7.533453602983439, 3.3131500029302527, 11.707569958974464, 24.30064235204345, 11.163868271301022, 4.463854049333654, 4.022764116007395, 7.2870568801738, 6.274658230265697, 2.3133410245063173, 5.920775842523601, 0.49632693339356043, 3.0290093770203717, 0.7972947514502753, 1.5826222150481242, 1.1552853472605316, 6.067912429707446]"
35,"[0.19400577247142792, 0.33291900157928467, 0.42944958806037903, 0.2374056875705719, 0.05601228401064873, 0.05318031832575798, 0.011854417622089386, 0.012668822892010212, 0.2669747471809387, 0.23104313015937805, 0.17494305968284607, 0.07301747053861618, 0.03079427406191826, 0.013664891943335533, 0.028949659317731857, 0.07097719609737396, 0.043467070907354355, 0.15919247269630432, 0.22822993993759155, 0.058075323700904846, 0.010164465755224228, 0.1279074251651764]","[0.08408597111701965, 0.07990904152393341, 0.03356342017650604, 0.05167827010154724, 0.01212491188198328, 0.004729713313281536, 0.002056727884337306, 0.0029950609896332026, 0.010357202030718327, 0.004413841292262077, 0.022261396050453186, 0.008792632259428501, 0.0156068354845047, 0.012918047606945038, 0.008314250968396664, 0.02000253088772297, 0.02456171251833439, 0.017430339008569717, 0.026828084141016006, 0.00981211755424738, 0.0033414813224226236, 0.003462916938588023]","[2.3072311575189697, 4.166224437563461, 12.795167649838861, 4.593917077798315, 4.619603388118542, 11.243877758176593, 5.763726797484916, 4.229904811908932, 25.77672487116896, 52.34513768413483, 7.858584398137271, 8.304392630582065, 1.9731273577204334, 1.0578140257037738, 3.4819323385561174, 3.5484107734055748, 1.7697084791993976, 9.133068072745832, 8.507127782138687, 5.91873501105434, 3.0419041061270513, 36.93632490571074]"
36,"[0.34692806005477905, 0.10885338485240936, 0.04555237293243408, 0.04455837979912758, 0.01338711567223072, 0.042038820683956146, 0.076249860227108, 0.2345733344554901, 0.2373371422290802, 0.4020636975765228, 0.030536867678165436, 0.08109188079833984, 0.03624635934829712, 0.13634330034255981, 0.04844971373677254, 0.2002461552619934, 0.2553437054157257, 0.4382103979587555, 0.22414445877075195, 0.201992005109787, 0.1699661761522293, 0.3973369300365448]","[0.039132099598646164, 0.05453093349933624, 0.00556537788361311, 0.008840344846248627, 0.0015427046455442905, 0.00392638286575675, 0.004948888439685106, 0.02041429467499256, 0.06081751361489296, 0.008340125903487206, 0.014355847612023354, 0.014438492245972157, 0.013184227980673313, 0.03630645573139191, 0.0200079046189785, 0.09429733455181122, 0.18929670751094818, 0.08677942305803299, 0.047973792999982834, 0.0187446977943182, 0.005444621201604605, 0.0059116375632584095]","[8.865562124521976, 1.996176809511877, 8.18495596975725, 5.040344078662926, 8.677691942457031, 10.706755332137945, 15.407472032640873, 11.490641150724723, 3.9024473070691466, 48.20834867833475, 2.127137909473914, 5.616367652305364, 2.7492212211007314, 3.7553459184029454, 2.4215286237828, 2.123561140023201, 1.3489072724677877, 5.049703979544852, 4.672227163085315, 10.77595420988936, 31.217263765225383, 67.21266751974869]"
37,"[0.13212046027183533, 0.17469313740730286, 0.381354957818985, 0.023805461823940277, 0.07924139499664307, 0.034988582134246826, 0.03965754806995392, 0.10455494374036789, 0.15899524092674255, 0.44885268807411194, 0.034923624247312546, 0.10325177758932114, 0.026243707165122032, 0.09091182053089142, 0.1105978861451149, 0.14823761582374573, 0.07017229497432709, 0.2176254689693451, 0.1568775624036789, 0.014699934050440788, 0.02341698296368122, 0.025143716484308243]","[0.037946198135614395, 0.06687604635953903, 0.04165913909673691, 0.008511282503604889, 0.012995867058634758, 0.004949584603309631, 0.004443579353392124, 0.006442937534302473, 0.008618689142167568, 0.014319620095193386, 0.025196319445967674, 0.016882143914699554, 0.04512810334563255, 0.0347626656293869, 0.026667887344956398, 0.014601067639887333, 0.024652665480971336, 0.11624253541231155, 0.07838881760835648, 0.003645693650469184, 0.005055992864072323, 0.0022087721154093742]","[3.481783861446549, 2.612192958718246, 9.154172795876521, 2.796930053004075, 6.097430409154057, 7.068993650669404, 8.924685465486348, 16.227837563799575, 18.44772891840903, 31.34529303782135, 1.3860605443665936, 6.116034676106401, 0.5815380044697107, 2.6152143077899748, 4.147230889140226, 10.152518944490664, 2.846438452202704, 1.872167259578681, 2.0012747632891363, 4.032136394276841, 4.63153006604921, 11.383572034839865]"
38,"[0.21461181342601776, 0.21708713471889496, 0.15706925094127655, 0.0895819216966629, 0.04336536303162575, 0.022115446627140045, 0.008943701162934303, 0.24956469237804413, 0.3513251841068268, 0.22543928027153015, 0.1024283692240715, 0.03415723517537117, 0.047562312334775925, 0.10512864589691162, 0.03681330010294914, 0.13546867668628693, 0.04012129083275795, 0.30017659068107605, 0.2022159993648529, 0.08367852121591568, 0.10861682146787643, 0.11545120179653168]","[0.08244695514440536, 0.06805770844221115, 0.02578207477927208, 0.017046453431248665, 0.002688920358195901, 0.0054758694022893906, 0.0063346498645842075, 0.0044759116135537624, 0.031184036284685135, 0.020996607840061188, 0.04530709609389305, 0.028609583154320717, 0.016558481380343437, 0.03781391680240631, 0.03024781122803688, 0.04182703047990799, 0.036404579877853394, 0.0921812355518341, 0.042591191828250885, 0.010556397028267384, 0.010238534770905972, 0.0034261171240359545]","[2.6030289784519804, 3.1897508700756063, 6.092188168950427, 5.255164780050143, 16.12742560390343, 4.038709655473862, 1.4118698513925438, 55.75728788350581, 11.266186997074747, 10.736938175384486, 2.2607577632387224, 1.193908872811124, 2.8723837193933206, 2.7801575395178766, 1.2170566599155006, 3.238783034128148, 1.1020945981899823, 3.256374129551397, 4.7478361295990394, 7.926806939133265, 10.608629447303748, 33.69738908999426]"
39,"[0.3546760082244873, 0.1653594672679901, 0.11434370279312134, 0.039273086935281754, 0.07469547539949417, 0.02583722025156021, 0.020670795813202858, 0.39215362071990967, 0.10876528918743134, 0.15723460912704468, 0.06224515661597252, 0.0625988095998764, 0.02955237403512001, 0.07303375750780106, 0.03918008878827095, 0.08429298549890518, 0.04874539002776146, 0.11692854017019272, 0.22932827472686768, 0.010979626327753067, 0.11503015458583832, 0.07553306967020035]","[0.030403602868318558, 0.118010513484478, 0.011789752170443535, 0.00491761788725853, 0.005499101243913174, 0.002417371841147542, 0.009762628935277462, 0.028399189934134483, 0.044133175164461136, 0.03551909327507019, 0.019970469176769257, 0.016978289932012558, 0.028103316202759743, 0.028612399473786354, 0.01653784140944481, 0.03111581690609455, 0.03582397848367691, 0.03386666253209114, 0.04881248250603676, 0.007781651336699724, 0.01096370629966259, 0.002912350930273533]","[11.665591402460729, 1.4012265719845372, 9.698567123385061, 7.9862014161445325, 13.583215163054662, 10.68814479087136, 2.1173390846095264, 13.80861995111204, 2.464479131223174, 4.426763034443873, 3.1168600028876385, 3.6869914373323533, 1.051561809357501, 2.5525212443196854, 2.3691174572453626, 2.7090076327835377, 1.3606916956465946, 3.452614796612875, 4.6981481570519605, 1.410963541372137, 10.491904055235262, 25.935428620583906]"
40,"[0.16489507257938385, 0.2156662791967392, 0.03201296180486679, 0.11778796464204788, 0.056544024497270584, 0.04086542874574661, 0.033798929303884506, 0.5074305534362793, 0.09471365809440613, 0.31482166051864624, 0.15164344012737274, 0.18872913718223572, 0.06697294861078262, 0.06512812525033951, 0.07793117314577103, 0.10008128732442856, 0.1472908854484558, 0.15972237288951874, 0.17935828864574432, 0.13920210301876068, 0.12034270912408829, 0.0558650903403759]","[0.051332879811525345, 0.04333031550049782, 0.007663124706596136, 0.009682662785053253, 0.008260531350970268, 0.007697917055338621, 0.006142589263617992, 0.007690322585403919, 0.0317126102745533, 0.04323671758174896, 0.015909111127257347, 0.02430616319179535, 0.04212428629398346, 0.03634151816368103, 0.05177934840321541, 0.04810764268040657, 0.010285669937729836, 0.11815961450338364, 0.07297742366790771, 0.013120458461344242, 0.013015009462833405, 0.0036721674259752035]","[3.2122700535176545, 4.977260763177721, 4.177533712496054, 12.164831850167554, 6.845083214971276, 5.308634589327749, 5.502391231670421, 65.98299977680682, 2.986624477594828, 7.28134969828372, 9.531861265810099, 7.7646618140843415, 1.5898892183806153, 1.7921134983135412, 1.505062839704094, 2.0803614924409914, 14.320008938665651, 1.351750964666061, 2.4577229454130247, 10.609545651844462, 9.246455753086279, 15.213110912430693]"
41,"[0.1208537146449089, 0.09842198342084885, 0.175092414021492, 0.26535192131996155, 0.05804276466369629, 0.055645253509283066, 0.1238870844244957, 0.27367106080055237, 0.43354037404060364, 0.3590340316295624, 0.08012130856513977, 0.2371058166027069, 0.14252224564552307, 0.2636597752571106, 0.07408905029296875, 0.2003656029701233, 0.07726213335990906, 0.3361193835735321, 0.23800352215766907, 0.035250481218099594, 0.07643713802099228, 0.24356964230537415]","[0.05927190184593201, 0.036341022700071335, 0.04042690992355347, 0.027340354397892952, 0.005206769332289696, 0.0041442858055233955, 0.011781902983784676, 0.0022454133722931147, 0.021678399294614792, 0.025242142379283905, 0.021053239703178406, 0.022352783009409904, 0.01937401108443737, 0.07786901295185089, 0.04731599986553192, 0.06626243144273758, 0.02439074032008648, 0.06467050313949585, 0.04033053666353226, 0.009132745675742626, 0.010009589605033398, 0.00565518531948328]","[2.0389714330248614, 2.708288763173846, 4.331085763235144, 9.705504085945993, 11.147558295648901, 13.426982626323824, 10.515031790280428, 121.8800351763593, 19.998726296562907, 14.223595851524067, 3.805652227150763, 10.607440536728332, 7.356362346670041, 3.3859396088677864, 1.565835034735049, 3.023819057157214, 3.1676829955129104, 5.19741407993246, 5.901322963869137, 3.859790086099514, 7.636390804929234, 43.07014333663416]"
42,"[0.1288483440876007, 0.08127652853727341, 0.3856925964355469, 0.1778179109096527, 0.18469686806201935, 0.005155034828931093, 0.023258544504642487, 0.014102373272180557, 0.16479016840457916, 0.07414732873439789, 0.2636677026748657, 0.3206222653388977, 0.12743601202964783, 0.11141874641180038, 0.17755426466464996, 0.182732954621315, 0.06382822245359421, 0.0939115360379219, 0.016259565949440002, 0.20756100118160248, 0.08675509691238403, 0.033999256789684296]","[0.04061519727110863, 0.011157156899571419, 0.05233736336231232, 0.02994585782289505, 0.03413613140583038, 0.004904696252197027, 0.004437785595655441, 0.003737319028005004, 0.004211847670376301, 0.007030009757727385, 0.05613694339990616, 0.04309675842523575, 0.027683379128575325, 0.04100807383656502, 0.047374457120895386, 0.045224156230688095, 0.0177195742726326, 0.055010195821523666, 0.046163786202669144, 0.04738231748342514, 0.04179226979613304, 0.005390685051679611]","[3.1724170444755218, 7.284698894966287, 7.369354733549317, 5.937980202848033, 5.410597523961766, 1.051040587196797, 5.24102483171166, 3.7733929500015044, 39.12538660018924, 10.547258295466115, 4.696866033416891, 7.439591214153918, 4.6033402005503685, 2.71699536183661, 3.7478902230277242, 4.040605062683658, 3.6021306986012167, 1.7071660014192758, 0.3522147398841365, 4.3805582378744905, 2.075864683482956, 6.307038245369375]"
43,"[0.030552033334970474, 0.15515819191932678, 0.1423644721508026, 0.160373255610466, 0.04239700734615326, 0.06189432367682457, 0.031069736927747726, 0.06993208825588226, 0.3725866973400116, 0.21293936669826508, 0.08575880527496338, 0.16056543588638306, 0.06676041334867477, 0.04299159348011017, 0.023628856986761093, 0.13852673768997192, 0.028988635167479515, 0.228929802775383, 0.10736620426177979, 0.1872597187757492, 0.30376821756362915, 0.007526234723627567]","[0.02687068283557892, 0.03212502971291542, 0.02258443459868431, 0.042715419083833694, 0.005047900602221489, 0.004306626506149769, 0.006414198782294989, 0.009187801741063595, 0.015232103876769543, 0.039511483162641525, 0.023423857986927032, 0.032693590968847275, 0.025570228695869446, 0.0069581568241119385, 0.01298469677567482, 0.05702316761016846, 0.021701693534851074, 0.059771012514829636, 0.025922762230038643, 0.014901363290846348, 0.04322086274623871, 0.003107635537162423]","[1.1370024915971675, 4.829822518637161, 6.303654471788117, 3.7544582038564553, 8.398938625593203, 14.371881004410488, 4.84389991365859, 7.611405886495197, 24.460619514829002, 5.389303302580178, 3.6611733781354796, 4.911220552045842, 2.610864929786846, 6.1785893257151665, 1.8197465366327812, 2.4293062538544357, 1.335777556757321, 3.8301141831683676, 4.141773292097959, 12.566616565262834, 7.028277509107903, 2.4218524449298067]"
44,"[0.04003065079450607, 0.09460828453302383, 0.21152326464653015, 0.1672534942626953, 0.710614025592804, 0.01379397977143526, 0.025418506935238838, 0.0523492731153965, 0.39337795972824097, 0.1819836050271988, 0.15006498992443085, 0.31304314732551575, 0.12177173793315887, 0.05481220781803131, 0.07087848335504532, 0.0508134551346302, 0.09638074040412903, 0.027580484747886658, 0.05462921783328056, 0.1488560289144516, 0.4207206964492798, 0.15376543998718262]","[0.026079779490828514, 0.03322460129857063, 0.07045532763004303, 0.03312378004193306, 0.0593840517103672, 0.004350319970399141, 0.013101930730044842, 0.0036952930968254805, 0.011262474581599236, 0.015879398211836815, 0.05396373197436333, 0.035675302147865295, 0.020618310198187828, 0.01810375601053238, 0.049400296062231064, 0.03468579798936844, 0.033294711261987686, 0.009686646051704884, 0.048163942992687225, 0.036418672651052475, 0.06303971260786057, 0.012828091159462929]","[1.534930569814966, 2.8475370910498783, 3.002232361436554, 5.049348052998803, 11.966411942699184, 3.170796600087709, 1.9400581073864251, 14.166473874661863, 34.9281995602411, 11.460359051361571, 2.7808489967988606, 8.774786153962465, 5.905999898277869, 3.027670489269892, 1.434778513589423, 1.4649642816407182, 2.8947762798041192, 2.8472687657491518, 1.134234749874506, 4.087354592538939, 6.673899341299014, 11.986618903448788]"
45,"[0.09017954766750336, 0.14812003076076508, 0.05185588076710701, 0.046541690826416016, 0.011340489611029625, 0.016934219747781754, 0.015181262046098709, 0.22732989490032196, 0.15401828289031982, 0.1844603270292282, 0.12665709853172302, 0.18561789393424988, 0.044820208102464676, 0.07470967620611191, 0.05784605070948601, 0.1950341761112213, 0.05100158601999283, 0.18404287099838257, 0.31975409388542175, 0.27766185998916626, 0.054031018167734146, 0.049404315650463104]","[0.05332589149475098, 0.019281238317489624, 0.008725727908313274, 0.03350508585572243, 0.00324900820851326, 0.0030131922103464603, 0.006192305125296116, 0.003762830514460802, 0.03245159238576889, 0.03222472965717316, 0.03123488463461399, 0.04124262556433678, 0.03153504803776741, 0.02494128607213497, 0.019999483600258827, 0.05559766665101051, 0.02450815960764885, 0.03202898055315018, 0.045147642493247986, 0.037726178765296936, 0.03128674998879433, 0.005575083661824465]","[1.6911024858605503, 7.682080804240067, 5.942871621942541, 1.3890933163648953, 3.490446586535099, 5.620026392486471, 2.451633396436152, 60.414598538700695, 4.746093228936957, 5.724185400207624, 4.054988517273526, 4.500632328673976, 1.421282379173373, 2.9954219678182286, 2.892377216616602, 3.5079561402362645, 2.081004320050027, 5.7461357751607, 7.08240953961754, 7.359925364203019, 1.7269616750568824, 8.861627671842932]"
46,"[0.24959491193294525, 0.18932907283306122, 0.11085370928049088, 0.08580984175205231, 0.07755808532238007, 0.06053882837295532, 0.03320935368537903, 0.0689474418759346, 0.19879543781280518, 0.09151206165552139, 0.09740611910820007, 0.11711389571428299, 0.0632660835981369, 0.04452023655176163, 0.050153449177742004, 0.13576121628284454, 0.08468711376190186, 0.08597104996442795, 0.0375228077173233, 0.2615145146846771, 0.279521107673645, 0.03148959204554558]","[0.052179764956235886, 0.04089924693107605, 0.047398291528224945, 0.017215212807059288, 0.027207329869270325, 0.006522137671709061, 0.010091796517372131, 0.010968264192342758, 0.006716080009937286, 0.006229113787412643, 0.01916341483592987, 0.02320326305925846, 0.016330143436789513, 0.018720857799053192, 0.01209954172372818, 0.033363908529281616, 0.02992861717939377, 0.024060722440481186, 0.02112823724746704, 0.048903096467256546, 0.05057726055383682, 0.008532152511179447]","[4.783365968441695, 4.629157919511845, 2.3387701477484524, 4.984535637971611, 2.8506320059720034, 9.282053127390016, 3.2907276348876113, 6.286085078445565, 29.59992101324914, 14.691024241753707, 5.0829207603214535, 5.047302847672226, 3.874190318231212, 2.3781087933915743, 4.145070145870652, 4.069104078848993, 2.8296367070447213, 3.573086808889211, 1.7759554324306788, 5.347606462093381, 5.526616202870647, 3.6906972776548033]"
47,"[0.19049468636512756, 0.12481125444173813, 0.22176672518253326, 0.269158273935318, 0.009934580884873867, 0.025873614475131035, 0.08921066671609879, 0.043472081422805786, 0.08612417429685593, 0.2028135508298874, 0.0838727280497551, 0.13485141098499298, 0.04393948242068291, 0.02309606596827507, 0.07022128999233246, 0.0755372866988182, 0.05698193982243538, 0.052890267223119736, 0.08880915492773056, 0.14263921976089478, 0.24382486939430237, 0.06297696381807327]","[0.036660805344581604, 0.05223521590232849, 0.009038127027451992, 0.047673869878053665, 0.0026131158228963614, 0.0065549095161259174, 0.010957675985991955, 0.003350714687258005, 0.0090250289067626, 0.023143570870161057, 0.016177179291844368, 0.05050939321517944, 0.015385333448648453, 0.015178615227341652, 0.02971893735229969, 0.03313416242599487, 0.012657894752919674, 0.024194566532969475, 0.03692298382520676, 0.008774789981544018, 0.030266430228948593, 0.0047718374989926815]","[5.196140253184108, 2.389408223661126, 24.53680109927081, 5.645823899419232, 3.801814216509714, 3.9472115383863997, 8.141385712640497, 12.973972862601546, 9.542814232131898, 8.763278232546835, 5.184632409436116, 2.6698283705468566, 2.8559330590617025, 1.5216187789431213, 2.3628465971007757, 2.2797403395221076, 4.501691705825877, 2.1860390493480084, 2.4052540105683957, 16.25557079552984, 8.055950686946025, 13.19763379020503]"
48,"[0.2191881686449051, 0.18647325038909912, 0.1154889166355133, 0.03330383077263832, 0.04071405529975891, 0.20219767093658447, 0.1395508348941803, 0.2547576427459717, 0.11994390934705734, 0.1309831142425537, 0.05641624331474304, 0.10411155223846436, 0.030222421512007713, 0.07466736435890198, 0.020399466156959534, 0.2902289032936096, 0.0466473214328289, 0.3110569715499878, 0.10820271074771881, 0.1360638290643692, 0.19866816699504852, 0.10420554131269455]","[0.08105077594518661, 0.053706325590610504, 0.017291665077209473, 0.012856475077569485, 0.004741097334772348, 0.009332926012575626, 0.006983977742493153, 0.004620391875505447, 0.027488408610224724, 0.015802865847945213, 0.02357187308371067, 0.03589823842048645, 0.009802923537790775, 0.02219768613576889, 0.013138131238520145, 0.054143019020557404, 0.04466976597905159, 0.06381843239068985, 0.07444831728935242, 0.005024627782404423, 0.018400531262159348, 0.005859790835529566]","[2.704331526611647, 3.4720910123425073, 6.678877720557313, 2.5904324919310935, 8.587475098043702, 21.664981664285538, 19.98156924886808, 55.137670052738216, 4.363435913945285, 8.288567118323348, 2.393371248622981, 2.900185547239829, 3.0830008410754934, 3.3637453877944754, 1.5526916109004625, 5.360412266324001, 1.0442705577348381, 4.874092952420535, 1.453393638531491, 27.07938477370336, 10.796871251408332, 17.78315032694801]"
49,"[0.09819517284631729, 0.04453463852405548, 0.09213673323392868, 0.17436419427394867, 0.017327208071947098, 0.171346515417099, 0.07333607226610184, 0.10446362942457199, 0.15556858479976654, 0.17982879281044006, 0.15435238182544708, 0.09424541145563126, 0.058091901242733, 0.03229186683893204, 0.0838877484202385, 0.16660985350608826, 0.04975809529423714, 0.3193063735961914, 0.1628553867340088, 0.20697778463363647, 0.14457066357135773, 0.248674213886261]","[0.03774416819214821, 0.028226366266608238, 0.03822910413146019, 0.024479122832417488, 0.004314708523452282, 0.01228641252964735, 0.008755400776863098, 0.005316831637173891, 0.032330047339200974, 0.04424301162362099, 0.03385000675916672, 0.01636967435479164, 0.038374707102775574, 0.016515297815203667, 0.029756467789411545, 0.042841482907533646, 0.04101293161511421, 0.04916388913989067, 0.06641966104507446, 0.03580153360962868, 0.01405919250100851, 0.0047147530131042]","[2.6015985395790096, 1.577767329432691, 2.4101201251563165, 7.12297558485387, 4.015846720066102, 13.946016789167428, 8.376095410720517, 19.647721905314757, 4.811888555793601, 4.064569436191611, 4.559892201015524, 5.757317428128572, 1.51380702625692, 1.955270029051778, 2.8191433544437308, 3.888984278758241, 1.2132294214222943, 6.494733821558314, 2.45191535415229, 5.7812547051886805, 10.28299908127634, 52.74384749213692]"
50,"[0.1691908836364746, 0.13045546412467957, 0.01833006739616394, 0.022309264168143272, 0.08684956282377243, 0.1544097661972046, 0.01168371643871069, 0.24283331632614136, 0.06972034275531769, 0.18921510875225067, 0.050509415566921234, 0.16242243349552155, 0.013066282495856285, 0.025420205667614937, 0.0392245315015316, 0.09623526781797409, 0.06973034143447876, 0.1716265082359314, 0.1754998117685318, 0.12704698741436005, 0.2751981317996979, 0.1023259162902832]","[0.03461352735757828, 0.07769501209259033, 0.006009463220834732, 0.00997690949589014, 0.0021639985498040915, 0.006202921271324158, 0.004564408678561449, 0.007365333382040262, 0.03480030968785286, 0.014421368017792702, 0.014085203409194946, 0.012938998639583588, 0.01864885911345482, 0.01100099366158247, 0.029447337612509727, 0.015239322558045387, 0.023235155269503593, 0.050608474761247635, 0.05282525718212128, 0.04727955535054207, 0.023220853880047798, 0.004677701275795698]","[4.887998899639219, 1.6790712892767659, 3.050200445958939, 2.236089660564054, 40.133835963815685, 24.893072061229343, 2.5597437174256297, 32.969765756736784, 2.003440296384884, 13.120468773753093, 3.5859912064846884, 12.55293690182726, 0.7006478206717319, 2.310719054078456, 1.3320230174176546, 6.314930827890905, 3.001070602958295, 3.391260239428333, 3.322270844105417, 2.6871442946618878, 11.851335580564422, 21.87525672487008]"
51,"[0.2089117467403412, 0.1312965601682663, 0.015471464954316616, 0.04044603556394577, 0.007205354981124401, 0.08363029360771179, 0.026609262451529503, 0.21176885068416595, 0.05884137004613876, 0.04482937604188919, 0.06303319334983826, 0.09170304238796234, 0.023377353325486183, 0.17642171680927277, 0.050785504281520844, 0.058395713567733765, 0.07837244123220444, 0.4291206896305084, 0.10266347974538803, 0.04395293816924095, 0.034489355981349945, 0.06275878101587296]","[0.051922742277383804, 0.08482874184846878, 0.003415114711970091, 0.006825311575084925, 0.0023115212097764015, 0.003935592714697123, 0.006401746533811092, 0.013020267710089684, 0.025401057675480843, 0.013594496063888073, 0.015589157119393349, 0.019158456474542618, 0.009719353169202805, 0.021848183125257492, 0.044366832822561264, 0.03221842274069786, 0.017895231023430824, 0.0912950411438942, 0.07225410640239716, 0.007152649573981762, 0.012017921544611454, 0.0030446751043200493]","[4.023511424421389, 1.5477838914881454, 4.530291442360228, 5.92588852816474, 3.1171485473072473, 21.249732802736894, 4.15656294903142, 16.264554262587225, 2.3164929113537354, 3.297612197702004, 4.043399708341075, 4.786556918602265, 2.4052375624707985, 8.074891893656881, 1.144672744268903, 1.8124944860807577, 4.37951547703345, 4.700372377883615, 1.4208670601174578, 6.144986933111149, 2.869827020697613, 20.61263644413992]"
52,"[0.08405051380395889, 0.06516429781913757, 0.44742175936698914, 0.3575344681739807, 0.10498934984207153, 0.01269743125885725, 0.007757770363241434, 0.014901062473654747, 0.2726139724254608, 0.43571144342422485, 0.038809727877378464, 0.06999790668487549, 0.05847736820578575, 0.0296028945595026, 0.03567085787653923, 0.0735154077410698, 0.05984087288379669, 0.061650484800338745, 0.06452181190252304, 0.2635043263435364, 0.4069860577583313, 0.11796171963214874]","[0.06457551568746567, 0.031932514160871506, 0.06647617369890213, 0.03385224565863609, 0.012507853098213673, 0.003196071134880185, 0.002245530718937516, 0.002414182759821415, 0.011826231144368649, 0.011715092696249485, 0.023864340037107468, 0.03933289647102356, 0.033661387860774994, 0.013571062125265598, 0.03546925261616707, 0.02420268952846527, 0.04811593517661095, 0.01832985132932663, 0.02476111426949501, 0.045586295425891876, 0.04306841641664505, 0.007625173311680555]","[1.3015848640024625, 2.0406879799958446, 6.73055825074328, 10.56161744125739, 8.393874553664668, 3.9728249851151243, 3.454760292440827, 6.172300921723519, 23.05163573225716, 37.19231718616407, 1.6262644521923468, 1.7796275628071978, 1.7372239209996558, 2.1813248135081578, 1.0056839444166994, 3.037489187084222, 1.2436809689793833, 3.3633925170850554, 2.6057717435605103, 5.780340865203811, 9.449756727090612, 15.470037835264689]"
53,"[0.04392322152853012, 0.05877835303544998, 0.19941666722297668, 0.25552770495414734, 0.02366010658442974, 0.06041356176137924, 0.07020340114831924, 0.12398772686719894, 0.22288843989372253, 0.1742275208234787, 0.10180211067199707, 0.06949647516012192, 0.04395059868693352, 0.039473917335271835, 0.07287943363189697, 0.08133728057146072, 0.05274541303515434, 0.113441102206707, 0.15607576072216034, 0.02066808007657528, 0.0672750174999237, 0.0587511882185936]","[0.020659079775214195, 0.04211033880710602, 0.0285343024879694, 0.027216222137212753, 0.003161179833114147, 0.0070014274679124355, 0.006719581317156553, 0.003157197032123804, 0.08050604164600372, 0.023301176726818085, 0.014001361094415188, 0.04336902126669884, 0.01840929687023163, 0.009421689435839653, 0.008120283484458923, 0.03932422026991844, 0.04025035724043846, 0.04420929402112961, 0.05362572520971298, 0.0034216204658150673, 0.006714703980833292, 0.00665866257622838]","[2.12609767745934, 1.3958176234272253, 6.988664513774413, 9.388801416518577, 7.484581021485783, 8.628749214107378, 10.447585621008066, 39.27145680350335, 2.7685927085298028, 7.4771983778379125, 7.270872452007793, 1.602445089381927, 2.3874132182638066, 4.189685682603266, 8.97498637472176, 2.0683761817314585, 1.3104334135489966, 2.566001215773507, 2.910464336133417, 6.040436186031497, 10.019059319957528, 8.823271572333017]"
54,"[0.37055790424346924, 0.3822298049926758, 0.06944780796766281, 0.03617425635457039, 0.02548629231750965, 0.07167501747608185, 0.008750753477215767, 0.1457187384366989, 0.19863098859786987, 0.24583770334720612, 0.08210650831460953, 0.05760398507118225, 0.06344419717788696, 0.10821458697319031, 0.05413904786109924, 0.20589511096477509, 0.09595037251710892, 0.38761258125305176, 0.4010477364063263, 0.03711828961968422, 0.017417673021554947, 0.06354619562625885]","[0.1554614156484604, 0.096644826233387, 0.006686685141175985, 0.008171597495675087, 0.005007376428693533, 0.007151719182729721, 0.002890905598178506, 0.01400761678814888, 0.0244789756834507, 0.05022716522216797, 0.02812069095671177, 0.04218224436044693, 0.02569464035332203, 0.026938429102301598, 0.02338773012161255, 0.03737547621130943, 0.059893716126680374, 0.08207952231168747, 0.11456560343503952, 0.00846900139003992, 0.0032250150106847286, 0.0062067811377346516]","[2.3836004753835462, 3.954995004798616, 10.385984460373297, 4.426827970138769, 5.089749628461474, 10.02206821111849, 3.0269938536662764, 10.402821596317798, 8.114350500873151, 4.894516787077297, 2.919789860106996, 1.3655979179049051, 2.4691607395736264, 4.017108293963012, 2.3148483234407373, 5.508829099613542, 1.6020106736099928, 4.7224029859864185, 3.50059463208542, 4.382841365847178, 5.400803705982399, 10.238188557982877]"
55,"[0.14573432505130768, 0.08205580711364746, 0.028535621240735054, 0.09073734283447266, 0.02459760569036007, 0.02240980789065361, 0.026029013097286224, 0.11684748530387878, 0.03332364931702614, 0.0698462426662445, 0.019068406894803047, 0.05161396414041519, 0.020674359053373337, 0.17369286715984344, 0.02839774265885353, 0.12144815921783447, 0.18992799520492554, 0.3217061758041382, 0.14657698571681976, 0.15089760720729828, 0.1503872126340866, 0.06014826148748398]","[0.02405046671628952, 0.02798919752240181, 0.01242091879248619, 0.008084586821496487, 0.0019296570681035519, 0.0038958946242928505, 0.0035669945646077394, 0.017325101420283318, 0.012673512101173401, 0.025705628097057343, 0.015519065782427788, 0.020560208708047867, 0.02424585074186325, 0.0283390861004591, 0.03327568247914314, 0.028933962807059288, 0.06360983848571777, 0.05774129554629326, 0.03626826032996178, 0.008787252008914948, 0.019114507362246513, 0.0027055249083787203]","[6.059521703693217, 2.9316955960588786, 2.2973840919076904, 11.223497853125515, 12.74713838896481, 5.7521596582508305, 7.297183280162531, 6.744404114545609, 2.629393419203885, 2.717157596870398, 1.2287084262761598, 2.5103813328612747, 0.8526967881426688, 6.129092044257193, 0.8534082712399046, 4.197425704445975, 2.9858273456797066, 5.5715094848575895, 4.041467232872216, 17.17233181137947, 7.867700160095139, 22.23164211174374]"
56,"[0.1248917207121849, 0.0973927229642868, 0.11322158575057983, 0.12930910289287567, 0.013906295411288738, 0.0822005495429039, 0.12785841524600983, 0.2840534448623657, 0.3372976779937744, 0.63994961977005, 0.02301257848739624, 0.10269413143396378, 0.07543680816888809, 0.1942903995513916, 0.041321031749248505, 0.15384431183338165, 0.38791048526763916, 0.0733712762594223, 0.024974897503852844, 0.07884568721055984, 0.10647350549697876, 0.5667561292648315]","[0.0071199689991772175, 0.02419060468673706, 0.006101836450397968, 0.009544835425913334, 0.007488136645406485, 0.002429430140182376, 0.007706762291491032, 0.037590451538562775, 0.023814773187041283, 0.028113260865211487, 0.024756545200943947, 0.052318669855594635, 0.022007429972290993, 0.057702504098415375, 0.0360398143529892, 0.06638652086257935, 0.0474872849881649, 0.012681577354669571, 0.007355709094554186, 0.014643484726548195, 0.013777107000350952, 0.011288929730653763]","[17.541048384707487, 4.026055744595923, 18.55532947678324, 13.547546617913765, 1.8571102625136258, 33.83532137159258, 16.590418960654485, 7.556531864773289, 14.163379820779214, 22.763265451072247, 0.9295553277166795, 1.9628582247486612, 3.4277881726248225, 3.367105164448612, 1.146538418442804, 2.3174028377212395, 8.168723172198975, 5.785658535009114, 3.39530794146591, 5.384352746830473, 7.728291976992448, 50.20459359631514]"
